"","nom","nb_arbre","duree","nb_jour","poi_count","ligne_count","poly_count"
"1","GeorgeKaplan",88316,2007,26,106725,2387,117562
"2","VinceBot",52761,843,2,52761,0,149734
"3","osmmaker",42062,2920,83,69360,1099,516180
"4","Verdy_p",27332,2298,116,54623,46493,12320
"5","Marc Mongenet",26604,3081,842,38608,2599,73876
"6","x-pab",21399,1095,295,25878,17,44452
"7","cquest",19830,2952,165,140566,13839,841634
"8","RedFox",19193,1964,8,40582,6702,440718
"9","NaSH",14192,2697,214,54533,3594,34328
"10","Penegal",12237,1269,177,33904,4338,11443
"11","Virgile1994",11034,1801,125,34642,8925,6502
"12","jseigneuret",10929,1531,134,38555,3502,25274
"13","Romuald71",10509,1838,401,22398,1621,97403
"14","Cybereric",9577,2288,150,13370,104,7600
"15","F5ZV",9470,874,410,14871,351,26835
"16","zewan",9096,2379,67,10159,363,1775
"17","miniwark",9095,1161,78,11474,153,2958
"18","Stereo_repair",8452,8,9,8495,50,40
"19","Chivos",7995,105,24,8582,164,44662
"20","opoilpre",7501,1554,114,8850,454,52299
"21","VinceFromNice",7353,1283,5,7602,2,3631
"22","MarcelHerault",7248,2061,180,9764,104,17169
"23","Eric Bie",6765,227,57,12153,529,7483
"24","Simon M",6634,2221,145,17973,1095,50273
"25","AmiFritz",6447,2143,26,239469,2528,348351
"26","MarcellineOSM",6287,495,161,6631,10,4795
"27","Armire",6093,1217,319,13203,1236,40448
"28","nfrery",5346,1965,55,10547,558,133512
"29","JLZIMMERMANN",5322,2731,252,20899,779,157618
"30","MdMax",5145,1508,27,7008,349,157562
"31","zerpou",5137,1618,127,308887,4173,301412
"32","Rebrousse-poil",4856,727,74,5844,3,1920
"33","Floflo-",4810,1649,141,7026,108,2781
"34","acubens71",4631,359,152,5701,342,34531
"35","JiBOM",4375,2087,162,23946,7345,6876
"36","rm69",4369,1580,70,22575,282,19449
"37","vendangeur",4360,2720,77,13936,95,46032
"38","BlueCelest",4205,567,44,8721,34,5029
"39","troghoutsk",4155,1554,84,9190,480,2378
"40","krysst",4058,2704,35,6787,1640,781889
"41","M GM",3911,1195,72,6831,832,6835
"42","Open Data Montpellier M√©diterran√©e M√©tropole",3899,850,76,6915,31,5974
"43","JSaudgeo",3821,27,8,3950,5,1183
"44","rogue-spectre",3656,1114,103,7746,76,8786
"45","B1000",3635,556,62,7662,160,3412
"46","Meersbrook",3515,2652,84,10009,2799,13379
"47","David Crochet",3414,2817,105,32923,4681,201218
"48","barnes38",3286,826,53,9076,371,25705
"49","Bryce C Nesbitt",3283,0,1,3378,0,16
"50","chimel38",3215,2176,275,21552,844,146706
"51","Yod4z",3180,2659,336,29381,3662,40093
"52","mikoulprostgrandprix",3150,384,12,3152,4,1047
"53","√ãdz√´ronK",3077,3071,100,38811,1403,779512
"54","casiope",3046,2378,33,3864,34,7440
"55","Popolon",3043,2251,53,4670,105,1543
"56","ComputerHotline",3039,2334,41,3833,94,16387
"57","Herv√© TUC",3018,1662,58,32148,1426,45698
"58","FrViPofm",2632,3088,110,22791,876,165580
"59","schnelli",2475,1626,40,2614,3,1829
"60","R√©gis Vrignaud",2447,366,116,11904,379,25959
"61","Parie",2434,1181,56,2997,66,23304
"62","L3mp1ck4",2406,197,39,2894,10,1416
"63","Cyrille37",2405,2712,122,16176,333,50294
"64","tartiflex",2345,2624,147,11056,567,10660
"65","jabali",2275,1754,156,74552,5301,316597
"66","cagouille",2211,1419,52,7763,54,13167
"67","Th√©oriel52",2178,207,36,2958,131,1673
"68","s_Frantz",2087,2790,50,4330,888,239490
"69","Fran√ßoiseR",2067,1203,103,15734,1276,43941
"70","q_un_go",2061,2301,38,3654,713,29658
"71","OsmIdf",2060,1943,132,9747,11,5803
"72","Pierre-Alain Dorange",1929,881,7,5808,222,73607
"73","Y43l",1872,109,15,1877,1,281
"74","tabltrai",1868,2513,18,11623,852,7551
"75","pain tremp√©",1848,346,26,1901,23,1149
"76","ericboulet35",1805,65,27,3201,3,931
"77","47NOE",1787,1680,68,9455,704,38433
"78","Niconil",1787,1891,29,5703,673,2626
"79","Jessy Bertrand",1731,1560,94,7359,2322,29299
"80","Dupuiche",1706,421,37,1738,7,1063
"81","Pa413",1703,2260,122,28073,9016,10054
"82","petrovsk",1692,3057,34,18727,4383,222099
"83","wagner51",1642,2081,28,5177,128,116955
"84","mides",1638,1772,36,3951,207,327936
"85","Pilou@nowhere",1634,161,8,1791,32,766
"86","RatZillaS",1633,2215,26,6909,87,24959
"87","LeTopographeFou",1613,1098,29,25511,1563,6829
"88","cantece",1588,3376,136,18027,314,10780
"89","tony emery",1519,1723,18,25943,306,7184
"90","Matis73",1498,1417,45,2643,355,1831
"91","don-vip",1484,2776,56,47239,499,41656
"92","Uranzu",1467,1647,32,4080,4,8489
"93","Seb33",1426,1398,33,2843,185,2447
"94","clementader",1394,1313,204,3715,181,5471
"95","cmif4",1381,476,38,3340,21,3204
"96","SOGEFI",1369,2727,49,3584,345,19282
"97","yargil",1364,2764,22,11386,550,145216
"98","etbane",1344,441,17,1616,58,4395
"99","Patchanka",1337,1260,62,7499,1017,14035
"100","tristan_sacha",1327,394,7,1405,3,219
"101","R√©mi Bovard",1302,1913,9,3671,162,1648
"102","Bertrand_A",1247,830,15,1375,6,547
"103","Arboretum de Canet",1241,8,2,1241,0,1
"104","Roman Guy",1219,2571,118,2108,227,8657
"105","bulzor14",1214,2751,171,42257,8418,96107
"106","Ljbouere",1208,1719,49,4389,16,72189
"107","_phiphou_",1189,2001,70,20433,606,10790
"108","Kalaallit Nunaat",1167,2383,57,146903,9579,737056
"109","PiRK",1157,136,4,49945,49,45196
"110","Olivier B√©raud",1155,61,14,2130,3,1074
"111","solosix",1143,540,52,3825,447,72933
"112","u4mP9aSc14gq2",1134,31,28,1468,135,849
"113","floquet nicolas",1104,1171,20,3987,225,6821
"114","eric_G",1080,2106,19,2876,29,114823
"115","Kalepom",1079,1157,46,10720,641,2399
"116","mapping4ever",1060,231,9,1145,32,3056
"117","overflorian",1009,2616,29,14676,245,10444
"118","Erdling1957",983,49,5,983,0,0
"119","K√©vinS_",952,1462,42,5446,597,6101
"120","Pichasso",951,154,47,103507,1381,246117
"121","jeremie34fr",945,630,23,1047,1,936
"122","Manu1400",936,2971,49,8831,182,7895
"123","Truchin",921,2626,35,27615,1984,225377
"124","orhygine",913,3076,58,8686,417,50183
"125","sidjy",908,764,9,16862,1211,88836
"126","Al-Hun",893,2057,74,9880,553,5773
"127","Vinber-Num&Lib",883,1311,67,2401,21,1683
"128","Ltrlg",860,505,15,1744,206,565
"129","FloSka",858,571,41,3635,634,2465
"130","Ludovic Drouard",855,2056,68,20784,6806,5884
"131","jean_bernard",831,1388,3,1365,1,1264
"132","the_knife",807,1771,70,28669,965,112765
"133","Nicole84",804,844,57,2765,33,3033
"134","feth",773,1583,46,2255,78,1339
"135","Grenoble38",750,629,33,1417,25,1004
"136","kritic",743,2694,66,11827,5769,64020
"137","Alex17350",742,194,30,819,25,427
"138","user_16881",739,2126,81,2408,225,4775
"139","J√âT",735,658,80,4519,763,2716
"140","CapitaineMoustache",728,1085,32,9951,606,7753
"141","Globeur",707,315,22,925123,10792,24114
"142","InfosReseaux",704,755,34,154201,334,11206
"143","StephaneP",697,2272,88,15991,4973,58228
"144","Zigeuner",695,2042,46,4871,921,3704
"145","BotaFlo64",685,927,25,1032,67,1178
"146","windu2b",681,1999,33,16447,1701,30417
"147","Kioska Journo",671,2186,89,75877,3723,358960
"148","Ptigrouick",667,2823,51,49368,1280,204052
"149","TooM",667,2654,29,1985,52,92709
"150","Alexvalallan",664,830,21,2387,292,3522
"151","Denis_Helfer",662,2627,25,340935,28041,614947
"152","Moissac",661,833,20,1157,35,2368
"153","goodidea",650,2091,76,3972,114,2332
"154","djo_man",646,2567,42,14382,580,32600
"155","Carto'Cit√©",640,578,24,6253,939,1289
"156","corentinlemaitre",640,600,13,1000,136,366
"157","Romainbou",628,748,28,901,20,1125
"158","mapper999",626,1162,7,1607,1007,297
"159","davidwe1",625,18,4,630,1,415
"160","nemo-xx",621,367,23,667,6,1077
"161","FrShaft",617,1002,49,13848,176,4507
"162","SHARCRASH",609,1366,80,3378,1055,9104
"163","PierreV",608,2375,8,1919,198,13239
"164","Britzz",605,299,14,2124,31,560
"165","althio",603,1170,11,1137,30,519
"166","juju14",599,266,7,681,16,319
"167","Gabrielle84",595,321,24,885,4,101
"168","mathdatech",594,2060,31,11184,367,69231
"169","meihou",579,2246,149,13638,545,112828
"170","Dilys",572,524,42,4364,671,19454
"171","Fafane",571,1699,22,1041,2,522
"172","Greteck",566,958,22,6940,185,27389
"173","WaAny",566,333,11,978,3,582
"174","Violaine_Do",565,0,1,574,0,19
"175","Gnafron",563,1066,26,2285,277,3308
"176","ahmster",561,888,3,11205,167,52547
"177","Jacques Lys",561,950,3,3428,426,113419
"178","Gall",560,2519,29,2119,57,2311
"179","VOBULE",556,870,9,877,1,287
"180","W0lle",555,743,16,838,4,764
"181","pays_gcn",548,550,9,805,5,829
"182","Guillaume017",546,339,33,1007,45,657
"183","Sergii_Tutashkonko",543,68,13,636,1,321
"184","papyrus048_Int√©gration_cadastre",535,92,5,1670,295,25703
"185","ITSB",534,1891,17,1297,267,516
"186","Jakka",532,1022,22,3050,369,12455
"187","Pierre TOUZARD",525,749,21,1693,178,12528
"188","Cdrik_69",524,394,39,2099,184,3219
"189","pasq_fr",516,390,26,2493,134,3524
"190","Khomille",503,551,43,3784,155,3097
"191","ccda",495,2045,25,3708,69,10439
"192","gendy54",495,1468,29,7082,573,40016
"193","cabinetcourbi",490,430,22,5230,924,3910
"194","D√©v√©",488,30,10,522,0,358
"195","Patchi",488,2237,25,5716,928,16008
"196","cafecho",485,727,90,4857,868,13601
"197","glglgl",485,1591,20,1562,745,1460
"198","fransoo",480,2324,108,3007,945,40115
"199","Beno√Æt Prieur",478,1560,59,2445,6,2442
"200","lluc",478,3539,41,4553,189,41181
"201","FRichard44",469,1234,13,61478,1561,21300
"202","BikerBiker",466,83,22,908,154,1214
"203","Papa-Yankee-Bzh",463,396,22,2626,215,5253
"204","ryra6453",461,2636,20,9665,477,30982
"205","Fabien67",460,207,24,822,182,701
"206","JacquesL",456,501,22,4505,100,1284
"207","Laurent93",455,82,5,1283,292,619
"208","Papilli",452,1920,20,487,1,210
"209","Muselaar",443,1640,24,1458,31,434
"210","baptistemm",441,549,8,2068,204,7040
"211","rabeyroux",438,1773,50,20979,3095,385896
"212","Rinaldum",437,2118,55,5503,492,264932
"213","fred lischy",432,272,5,1152,15,87
"214","hu9o",430,444,30,1474,47,1694
"215","Samusz",428,1044,26,1204,2,352
"216","Kadanga",424,820,27,709,8,1288
"217","Rems",422,1475,18,1687,60,12581
"218","marinov",417,1616,10,543,0,133
"219","Super-Map",416,1757,41,9158,808,98771
"220","Redcorsair",415,1547,37,827,30,2155
"221","sperlingskauz",411,936,4,1133,3,425
"222","K-T@g",410,1465,17,1361,199,938
"223","Marc le Grand",406,525,12,2173,52,798
"224","Olyon",400,808,6,165480,29750,246387
"225","FrancoisMallet",396,2126,6,749,23,595
"226","Jean-Pierre Rondeau",393,1771,16,4540,699,4675
"227","Samuel Desmarchais",386,39,13,1157,26,860
"228","kalot47",377,559,23,1066,228,629
"229","avalondrey",376,22,5,439,13,697
"230","Molko",376,983,17,591,21,362
"231","SNCF Innovation & Recherche",370,327,6,1013,22,281
"232","guiglar",366,372,9,6018,564,19596
"233","Mg2",364,1798,15,2104,2275,9823
"234","Cedric Bouin",363,69,18,1015,65,717
"235","Brian@Brea",360,1893,17,430,34,221
"236","Seraphle",359,826,19,4820,148,34717
"237","HawkForce",350,76,9,749,126,923
"238","samilla",347,2085,21,1508,54,12349
"239","EmilOSM",339,172,17,455,8,332
"240","Maxime DIVO",339,14,6,453,10,192
"241","rando67",332,2438,69,9788,1245,42244
"242","GeolocalisationMairieFleurance",330,56,6,3334,22,3330
"243","Rouni",329,2113,19,29530,891,69998
"244","Mobilit√©s Montpellier M√©diterran√©e M√©tropole",327,965,34,2280,383,886
"245","Rom1",321,1981,56,65868,1239,217600
"246","SelfishSeahorse",321,399,23,1431,378,1772
"247","herveb22",319,227,19,1390,241,660
"248","Sven Witte",318,1075,5,661,245,652
"249","Quentin SALLES",307,408,14,3553,469,372
"250","yxoc",306,1602,19,18291,401,9859
"251","JBacc1",304,2329,103,14103,695,42091
"252","ignace72",303,704,21,2901,153,6188
"253","Pymouss",303,1103,16,15529,508,69685
"254","zaizone",303,1598,22,3545,346,6116
"255","monsieur claude",302,125,11,330,1,79
"256","mapimi",298,1462,16,3137,203,7944
"257","clementroux",297,595,22,1376,251,2471
"258","wikipole",295,746,28,991,76,7793
"259","Peilscheibe",293,1915,25,13514,5983,2019
"260","Yves Mah√©o",293,1449,18,14356,273,19703
"261","Dfaure",289,78,7,487,2,938
"262","pyrenours",288,1362,11,631,16,5724
"263","Krapulix",287,94,23,907,28,328
"264","lumiru",287,0,1,1408,213,144
"265","ab_fab",279,112,2,2050,183,10702
"266","Teuxe",279,2226,18,10737,2107,2936
"267","BenBwn",278,592,17,603,1,768
"268","highbuilder",278,459,9,370,4,342
"269","dwarfclimb",272,469,42,1491,140,2201
"270","Iv√°n_",269,16,2,275,2,4
"271","Christophe33",268,192,8,1929,65,166
"272","Lekt",268,1118,19,586,64,690
"273","Txo",267,69,11,2272,77,6435
"274","C√©dric78",266,12,4,318,0,195
"275","D HRYL",263,5,3,320,0,91
"276","Auriga DaPingoui",261,20,4,368,0,205
"277","Epirial",260,5,2,305,0,45
"278","Camille Jeannin",259,546,36,6748,958,3229
"279","ty000",258,52,5,424,4,952
"280","archi02",255,779,12,1098,226,8778
"281","Percherie",254,1679,15,29680,1874,27291
"282","mygeomatic",253,849,28,6835,1186,13610
"283","Fred_OSM",250,1463,25,9860,1243,3753
"284","Rudloff",250,915,14,861,68,324
"285","Vinpondor",250,1244,10,541,56,3357
"286","hisuuu",249,1393,6,4567,393,1751
"287","apunahasapemapetilon",244,191,14,284,0,1497
"288","guiguid",242,948,7,745,64,150175
"289","Romain MOUNETOU",241,1132,15,858,26,1413
"290","Gustry",240,2625,47,5710,903,43245
"291","J N Squire",239,973,6,304,30,322
"292","azimut400gon",238,1289,25,829,12,3342
"293","donoterase",238,273,13,7026,54,6384
"294","l3BAM",237,402,61,4058,1366,3577
"295","MARIUS-FFB",237,7,4,337,0,525
"296","FredB",231,2276,10,8899,84,36532
"297","FVig",231,540,12,9634,187,113993
"298","Marco_38",231,0,1,244,4,1575
"299","Plop76",230,1110,19,23858,2672,58922
"300","nitrix",229,2686,19,3137,313,39705
"301","Geodyn",228,201,13,10836,1373,21752
"302","K_Peignot",228,934,17,1654,19,1001
"303","XDroid",228,264,4,282,0,53
"304","withoutrope",226,488,17,808,104,1311
"305","DLVA",224,362,6,937,10,516
"306","eccounaltroid",221,144,4,232,0,2
"307","Popcorm",220,99,5,220,0,129
"308","Romuald71_import",220,1187,5,338,10,1467
"309","Jerome__",219,1552,25,1647,137,715
"310","dhuyp",218,1688,14,24517,182,11856
"311","slavey",218,89,20,297,8,1998
"312","Sidhannowe",217,29,5,393,1,237
"313","tanonin",217,883,34,1727,177,1924
"314","Mikhail Kotelnikov",216,0,1,795,1,4
"315","Philippe21",213,537,6,2675,41,39642
"316","Renaud Zigmann",211,515,24,916,24,1
"317","Fabien Moisant",210,0,1,210,0,1
"318","JeaRRo",210,2769,18,6883,136,27709
"319","Christopher",207,0,1,214,0,1
"320","Furdrien",205,279,11,828,2010,1288
"321","ParisEstBeauAV√©lo",205,72,6,2760,81,169
"322","Yionel",204,188,6,282,0,189
"323","Alejandro Lopez",203,296,2,1542,4,925
"324","Merle Moqueur",202,1,2,431,44,274
"325","naomap",200,779,12,3924,223,6798
"326","5R-MFT",198,835,22,778,254,616
"327","JitenshaNiko",198,3072,3,1216,24,4530
"328","k4r573n",198,38,11,504,5,58
"329","chocomilka",197,364,13,224,3,71
"330","renecha",197,1572,13,1584,415,2029
"331","Kazing",196,740,37,5210,139,2193
"332","Alevana",192,10,2,350,19,63
"333","Jepau for JOSM",192,0,1,583,1,174101
"334","Maxime CHARPENNE",192,836,3,273,1,133
"335","bmarand",191,1550,10,3906,76,54245
"336","gitouche",191,235,16,8359,867,39972
"337","Merle moqueur",190,36,14,818,41,1836
"338","racjul",189,0,1,432,67,36071
"339","Cooking 15610",187,187,24,1250,110,329
"340","natolh",187,27,4,654,10,387
"341","user_2970680",187,205,6,218,0,100
"342","gileri",185,1899,10,6557,414,1414
"343","Mercator 1958",184,79,9,264,68,1412
"344","Gwenj",183,723,20,4394,315,9907
"345","mechanischer_Basstoelpel",181,0,1,181,0,0
"346","Mika_Gueret",180,1236,11,2914,122,7410
"347","RBasile",180,101,3,452,109,201
"348","Dlareg",179,2623,23,2179,44,4675
"349","elfronto",177,339,5,392,0,65
"350","JanFi",177,46,9,404,131,1441
"351","Otourly",177,745,11,3521,184,1277
"352","pshemek",177,0,1,181,0,36
"353","EDSM Felix 2012",176,166,5,319,9,184
"354","glyo",176,438,14,3694,259,6414
"355","sly",176,2706,10,1512,422,6197
"356","ChRogel",174,1835,46,54525,2949,6412
"357","Fluzee",174,7,2,188,4,7
"358","phjarry",173,352,8,322,5,116
"359","loumap",172,770,20,798,10,722
"360","Jeff_9891",171,11,3,241,22,54
"361","Stereo",171,2150,20,1827,1012,11079
"362","Pleabargain",170,370,4,426,0,0
"363","Ondiiik",169,2,3,185,2,524
"364","TSF Cameroun",168,605,4,191,0,666
"365","SuRVoLT69",167,235,5,334,46,400
"366","Vinber",167,1694,5,1584,0,797
"367","olivier_griffet_83660_carnoules",166,720,10,1548,125,3012
"368","Perin",166,720,10,550,45,538
"369","xyzspain",166,0,1,301,5,30
"370","Nocarto",165,364,34,1621,1039,5794
"371","phd0",165,57,12,1417,22,1034
"372","Pasfan",162,14,11,305,19,193
"373","Meinew",161,30,6,334,40,1698
"374","JMGLV",160,1361,4,489,0,9711
"375","mont1",160,354,15,3568,1671,43660
"376","waterced",160,30,3,200,1,576
"377","Cascafico",159,0,1,179,1,1
"378","goclem",159,117,6,222,0,114
"379","moccand",159,2,3,240,5,23
"380","hubert08",157,1688,18,989,4,906
"381","Julien Th√©baud",157,547,10,746,19,6032
"382","TSF Cameroun 2015",157,1,2,406,2,1370
"383","Xadu",156,877,22,783,4,275
"384","pejise1",155,1,2,189,0,113
"385","X-Javier",155,1970,18,1167,57,968
"386","blef",154,268,13,2131,332,1028
"387","aymericpathier",151,177,11,990,12,648
"388","LLAQWA",151,805,9,178,0,2693
"389","Anakin1976",149,906,29,746,104,1000
"390","Goffredo",149,703,12,414,12,215
"391","jacobjay",148,25,3,267,23,86
"392","philippekerla",148,1736,5,3500,103,2726
"393","Marcel Herault",147,40,6,189,1,508
"394","Maxime Lorant",147,1044,43,3742,220,3580
"395","MCollar",147,7,2,212,1,5
"396","Secouss",147,548,3,197,4,42
"397","mides_import",146,1876,3,251,2,81540
"398","Test360",146,54,5,3147,608,7908
"399","Alex-7",144,2111,8,3733,2,539
"400","JulienDeMetz",144,242,4,284,95,508
"401","tuxayo",144,1990,10,2648,150,3056
"402","Laurent Magr√©ault",143,488,24,1134,235,2256
"403","Claude1991",142,10,2,142,0,64
"404","brelevenix",139,1703,9,3080,71,59573
"405","Syracuse",137,0,1,156,0,74
"406","Hugo-D",136,94,6,169,31,102
"407","Isa35",136,0,1,144,0,17
"408","ylark",136,2168,13,6631,118,8837
"409","forlax_12",135,212,5,466,5,269
"410","Robin Chubret",135,257,13,306,139,636
"411","Sylvain59",133,2593,9,1422,469,4771
"412","AL68",132,956,16,3357,96,2630
"413","rza31",132,707,6,979,25,7817
"414","hajo",131,0,1,131,0,0
"415","TubezlobWD",130,1,2,186,4,115
"416","jerome92370",129,521,22,7660,579,2386
"417","Rapha√´l Cellard",129,110,10,1392,101,2014
"418","MarcoR",128,1079,10,621,28,585
"419","AJA21",127,980,15,17903,2249,8373
"420","Marcussacapuces91",127,2911,21,63984,4722,388281
"421","bdoin",125,85,13,1603,1702,2128
"422","guillaume W",124,0,1,202,96,7436
"423","Margot Chr√©tien",124,796,14,613,1,1968
"424","Philippe Jarry",124,1211,7,291,10,137
"425","mikld",123,1029,10,278,10,386
"426","Milou262H",123,164,4,145,18,75
"427","Gwentux",122,2555,21,1788,140,13769
"428","JPERR",122,11,2,163,20,343
"429","Thoyard",122,229,7,143,1,55
"430","Anaximandre",121,777,14,794,16,211
"431","mdk",121,1422,14,1826,75,2641
"432","nicolas rouilly",121,6,5,138,0,103
"433","Christophe-94",120,15,7,230,141,4438
"434","jgd16",119,1441,16,795,43,3940
"435","sergio7826",119,980,7,5186,679,275556
"436","SylvainGaillard",119,189,5,3542,118,2633
"437","Anonix35",118,752,26,1607,591,724
"438","Julien_N",118,917,14,11087,277,47998
"439","absinthologue",117,1757,11,1251,344,674
"440","S√©verin Renard",117,105,9,150,18,21
"441","DF45",116,1683,49,4187,431,91385
"442","EddieJ",116,1726,16,7019,70,9007
"443","lapinos03",116,1256,3,7151,341,3792
"444","awikatchikaen",115,52,3,2660,215,12528
"445","manutor",115,916,10,1184,321,379
"446","midlandsdave",115,6,3,550,489,3361
"447","romain lalande",115,1042,7,326,1,286
"448","Trizek",115,1781,10,736,268,851
"449","Unai Zalakain",115,17,3,256,0,190
"450","YouHou65",115,325,3,413,89,15128
"451","Caetwyn",114,198,6,163,0,1799
"452","osm_saint-louis",114,139,12,470,92,980
"453","philh-591",114,645,21,991,155,83971
"454","GeoVZ",113,0,1,165,47,47
"455","GillesBerlin",112,22,7,605,7,658
"456","Lilaxe",112,1,2,130,1,11
"457","Marival",112,101,7,349,2,191
"458","kropcheck",111,656,7,643,11,12607
"459","Marcel64121",111,106,8,1076,179,1114
"460","St√©phane ROLLE",111,2339,3,344,6,823
"461","Fengy",110,206,8,493,26,723
"462","Mickanside",110,1193,4,132,19,69
"463","GromNaN",109,1062,3,183,1,47
"464","VIGNERON",109,1732,13,202,0,374
"465","wilda69",109,3326,62,2219,385,1906
"466","yorgunum",109,675,8,304,29,135
"467","MatthieuLyon69",108,185,8,874,16,95
"468","sladen",108,1347,3,385,57,322
"469","SquareCabb",108,3,3,125,0,66
"470","MA_Mapper",107,32,6,432,1,88
"471","Edouard45",106,51,2,2134,379,16802
"472","Hoff1980",106,1773,13,12090,2664,16254
"473","PaulKocialkowski",106,230,3,1911,12,1692
"474","Gelweo",105,63,17,249,14,836
"475","Piwi",105,755,5,148,1,183
"476","Amaury Canivet",104,0,1,104,0,0
"477","batcave",104,847,4,1997,62,1450
"478","magiraud",104,539,24,1110,94,1159
"479","Micka√´l Garnier",104,2,2,116,25,95
"480","benito01",103,346,4,775,138,19982
"481","cmi3j89d9o",103,0,1,487,9,1126
"482","legorfou",103,1693,12,2420,60,6537
"483","MDe",102,2158,15,1463,105,2687
"484","trial",102,842,3,556,65,434
"485","theostomos",101,561,6,500,34,179
"486","yfig",101,862,11,1408,84,2578
"487","Bernard Vdb",100,218,3,102,0,59
"488","JFK73",100,1678,14,5553,2429,101684
"489","Paolo35",99,2039,9,375,0,1392
"490","Ruan",99,0,1,207,49,1562
"491","ThomR",98,362,11,7990,384,3204
"492","Carolopolitain",97,428,5,3925,36,1437
"493","Kevin Girard",97,55,6,127,8,667
"494","ToniE",97,2823,6,869,275,373
"495","DJ√©r√©my",96,47,5,879,39,568
"496","germainaugsburger",96,18,5,266,27,14
"497","Porphyrion",96,973,32,777,372,8039
"498","Ljubinka",95,86,4,230,4,323
"499","racpac",95,58,3,123,0,252
"500","doktorpixel14",94,911,10,2309,432,9364
"501","everg",94,1207,6,260,201,521
"502","Jean-Marc Liotier",94,1869,16,3354,158,5344
"503","PhQ",94,2637,27,17132,4538,407215
"504","pofx",94,0,1,113,0,11
"505","Emeltet",93,750,10,2422,342,7225
"506","Libre √† Quimperl√©",93,411,3,6034,88,9678
"507","Pierre 21000",93,498,10,270,42,593
"508","tchaik",93,1043,17,995,72,1569
"509","ZZ29",93,1937,11,10546,248,22468
"510","Amaroussi",91,1,2,281,924,122
"511","Coyau",91,1982,12,456,2,801
"512","Lapingarou",91,0,1,114,5,596
"513","jinef",90,1488,14,653,38,832
"514","Matth74",90,273,8,406,14,374
"515","Perlinkins",90,45,6,1326,54,1034
"516","SharonFavre",90,0,1,90,0,0
"517","Luuuddooo",89,1706,12,101954,1720,81043
"518","mmd*2012",89,611,3,523,45,127388
"519","romanoprogi",89,1,2,103,0,20
"520","rowers2",89,0,1,110,5,1200
"521","_Mathieu_",87,1272,6,6451,1718,615
"522","ndba",87,40,5,566,16,68
"523","npalix",87,317,2,1509,111,2955
"524","Thomas Petillon",87,1198,8,2437,492,2609
"525","Tyliaplatyphillos",87,671,8,1237,61,2666
"526","oliviers",86,2467,10,772,70,25119
"527","pyrog",86,1611,3,1855,66,6427
"528","tf94",86,191,8,326,0,472
"529","Britz",85,1738,14,3683,240,79483
"530","mab_",85,742,11,799,55,2014
"531","Maximilien Steindorsson",85,0,1,89,2,138
"532","myopenstreetumap",85,10,5,1363,5744,417
"533","On√©sime",85,1132,6,968,100,1048
"534","Urba-Noyarey",85,346,8,334,16,1034
"535","Ades222",84,2076,5,474,4,11419
"536","downtown",84,5,3,160,156,601
"537","Koun",84,1750,8,2052,8,1473
"538","Sam390",84,2438,12,5859,623,97710
"539","sdncapa",84,272,3,146,1,23
"540","Valentin Joly",84,0,1,1347,86,1054
"541","alexpawlak",83,0,1,87,0,80
"542","DOSIIN-SIG",83,1177,6,173,6,128
"543","Florent Ch",83,50,2,142,14,133
"544","gsimon",83,1094,11,22602,2089,233043
"545","HAL_lux",83,28,7,1471,14,1160
"546","Patoche_17",83,1645,4,578,20,931
"547","bast_net",82,758,13,564,6,14147
"548","elesouef",81,117,8,220,0,6976
"549","Jim005",81,134,9,2351,96,506
"550","marco443",81,1038,16,53152,1370,22256
"551","tchuffart",81,243,2,93,14,157
"552","xoulou34",81,1972,14,1788,90,13652
"553","Eric V",80,3215,24,91085,4050,363417
"554","nidi0",80,0,1,84,0,17
"555","rene78",80,857,5,484,23,309
"556","St√©phane Brunner",80,443,4,519,26,575
"557","Am√©lie",79,518,4,644,21,545
"558","Andr√© Toelle",79,294,3,81,16,88
"559","Alix_H",78,168,3,264,9,180
"560","kariboo",78,419,2,617,10,228
"561","Gianni2411",76,4,2,91,6,35
"562","Mapedro",76,1192,5,94,1,420
"563","Monsieur_J",76,368,5,444,6,326
"564","wedfu",76,642,10,286,10,270
"565","atabaraud",75,0,1,4356,243,986
"566","BTH",75,1620,17,656,343,1078
"567","civitano",75,1351,9,2023,173,24129
"568","Dharma-ae",75,586,11,2631,681,1070
"569","JC Salmon",75,3,2,148,40,109
"570","rody",75,1272,4,105,0,37
"571","Binnette",74,1369,5,1350,327,1433
"572","caminaspe",74,3156,28,1632,40,5900
"573","Chrysopras",74,1345,11,138,0,160
"574","Flo Bir√©e",74,620,6,918,4,10169
"575","gaston",74,2560,8,1121,12,371
"576","nbabon",74,0,1,128,0,17
"577","vincenttux",74,5,5,669,7,136
"578","Arrutic",73,0,1,77,16,2
"579","Sylvain-L",73,3,4,107,1,119
"580","Aroche",72,2151,19,18000,1468,264697
"581","fk13",72,102,7,1172,108,5839
"582","Jean Couteau",72,454,4,18360,9,11485
"583","KipatchiBestOf",72,95,7,435,287,320
"584","Pascal Bilbille",72,1078,9,169,14,158
"585","thetornado76",72,233,2,746,1,319
"586","L@rk",71,33,2,725,2,173
"587","md1337",71,237,11,192,6,617
"588","nyuriks",71,16,4,9508,23108,23759
"589","patzub",71,0,1,166,0,48
"590","Sovxx",71,1250,8,1764,3331,722
"591","Valkour",71,853,3,3181,113,1481
"592","Bandino",70,20,6,118,14,275
"593","emj",70,0,1,71,0,22
"594","hugorthomas89",70,2,2,92,29,14
"595","JBDSB",70,562,13,1409,131,2239
"596","thomas Ailhaud",70,720,5,405,59,224
"597","didier2020",69,917,3,5594,3481,1201049
"598","Jepau",69,1408,6,12282,238,258249
"599","Lemente",69,155,4,276,6,249
"600","maps10",69,1,2,128,3,5439
"601","mk13",69,60,2,83,0,16
"602","sebastien31",69,0,1,1122,61,26557
"603","Sldomino",69,474,2,78,4,112
"604","TheMrNomis",69,0,1,71,0,53
"605","Tony VINCENT",69,1565,3,137,0,151
"606","jannes mck",68,0,1,110,0,27
"607","jc67",68,108,3,703,10,1378
"608","Julien39",68,355,12,1015,133,669
"609","ndecaris",68,316,4,2062,244,35616
"610","Maailma",67,13,2,105,0,20
"611","maction",67,1228,4,1038,28,919
"612","Alexandre Pliarchopoulos",66,0,1,243,2,166
"613","BoumTAC",66,405,6,746,98,156
"614","gilbert Aeschelmann",66,2248,38,5181,1366,98108
"615","GautierPP",65,1144,11,17922,6108,523123
"616","Hugo ROTA",65,2,3,258,12,75
"617","leo-paul",65,0,1,71,92,1007
"618","wiso",65,1646,4,179,0,115
"619","Yann_L",65,443,17,1360,100,59
"620","Ecogarde",64,0,1,67,0,0
"621","foxandpotatoes",64,2187,6,1794,489,18152
"622","Jan-MARCHAND",64,1,2,69,0,9
"623","lumi81",64,30,3,266,62,17178
"624","Mathieu MD",64,1956,9,883,77,1160
"625","robbieonsea",64,767,10,333,14,73
"626","stibe",64,1163,3,8400,3,10020
"627","Tankeven",64,1,2,64,0,2
"628","Matthieu 37",63,147,8,291,7,647
"629","TitanGIS",63,0,1,70,0,7
"630","Yoyo3071a",63,6,3,1006,52,243
"631","Biblioth√®que Vaclav Havel",62,705,4,105,0,28
"632","Lucas Jean-Jacques",62,0,1,62,1,7
"633","Matthieu Bessat",62,118,11,505,24,389
"634","NicolasDumoulin",62,1588,13,6742,479,64115
"635","paysages",62,1031,12,925,13,341
"636","Lyon-St-Clair",61,18,5,291,296,596
"637","bebbi",60,0,1,80,0,31
"638","Capello13",60,861,5,8223,2449,4116
"639","Gabiche",60,142,4,65,0,55
"640","guilieb",60,1507,8,362,9,757
"641","maurice2010",60,2264,2,143,0,100
"642","oligo",60,1279,6,2594,131,1696
"643","r2d",60,255,2,5028,267,2423
"644","Walter Schl√∂gl",60,1979,6,1037,252,462
"645","hno2",59,936,2,83,2,297
"646","Iuiliain",59,98,3,444,35,1014
"647","Kiliann B",59,1,2,77,1,77
"648","MaxSan",59,0,1,92,0,9
"649","arnaudlecam",58,66,3,2911,0,961
"650","Dominique Mode",58,49,2,138,0,26
"651","edhelas",58,3,3,114,0,24
"652","Syl",58,2770,20,3527,148,20685
"653","bobo_plateau",57,1416,6,270,34,1320
"654","FahRadler",57,762,11,12132,496,35038
"655","Lupercos",57,400,3,199,94,236
"656","Sebik99",57,0,1,69,1,37
"657","Guillaume Mortier",56,412,16,15437,2468,6944
"658","ralevy",56,559,3,544,24,269
"659","Michel Caleb",55,83,3,86,2,26
"660","Pitouille",55,797,3,241,3,154
"661","Raphink",55,260,4,266,20,147
"662","Baxe Nafarroa",54,185,4,125,7,130
"663","Crillon-le-Brave",54,10,5,227,7,212
"664","GilB",54,1513,7,3015,60,1002
"665","gus-tave",54,0,1,89,0,62
"666","Quentin Goulas",54,32,2,94,17,30
"667","sda44",54,924,2,820,32,1359
"668","Vinze",54,607,3,81,3,61
"669","aetherman",53,273,4,2186,677,612
"670","Couannetine",53,163,4,609,17,1261
"671","deprado63",53,216,6,89,4,118
"672","fmiet",53,1262,16,1937,128,9266
"673","kwiky",53,545,6,3929,81,10381
"674","PierreGranjon",53,610,4,113,0,92
"675","user_5359",53,1740,4,252,1,453
"676","yvecai",53,1029,2,168,6,3266
"677","mavOsaure",52,1658,12,1671,500,39805
"678","nezo90",52,3,2,159,3,30
"679","Yalio",52,1607,10,2215,242,16088
"680","Ars√®ne",51,1127,6,140,17,245
"681","Chantal Arruti",51,0,1,108,5,45
"682","Farfaseb",51,105,5,158,21,292
"683","Gael de Sailly",51,1086,6,457,467,1293
"684","liozone",51,38,8,247,12,930
"685","Yoann",51,0,1,156,182,941
"686","bebone",50,0,1,64,0,12
"687","Emilie_P",50,0,1,86,0,1
"688","Fr√©d√©ric Gutkin",50,24,5,161,18,432
"689","jmjol",50,790,6,2068,182,68373
"690","Moretto25",50,0,1,90,0,31
"691","neocarto",50,841,9,439,22,92
"692","Rƒ´cohard",50,1,2,87,1,70
"693","jweste",49,0,1,49,0,12
"694","Matthias Frank",49,1165,7,222,4,140
"695","projecter63",49,364,4,170,3,192
"696","Xinfe",49,557,2,736,61,15836
"697","alxcP",48,477,3,209,67,150
"698","cucu",48,333,2,48,0,73
"699","poivronvertbleu",48,1014,3,91,7,54
"700","schnufti",48,1,2,55,0,1
"701","AymericG",47,1,2,3019,22,91
"702","Bison Fut√©",47,15,2,58,4,75
"703","CDLO",47,112,2,63,26,100
"704","Cestadais",47,70,3,264,55,692
"705","Doch",47,13,2,116,0,44
"706","jippo",47,260,3,283,80,60396
"707","lachambre",47,660,5,59,4,28
"708","lann",47,1340,16,2162,840,111353
"709","L√©a226",47,0,1,55,0,31
"710","Rafaeelbedna",47,109,2,72,38,671
"711","rurseekatze",47,47,2,487,735,153
"712","Dasrakel",46,1055,4,78,5,763
"713","josmougn",46,1340,32,8950,662,2998
"714","Koukoubagia",46,0,1,47,0,6
"715","Lulucmy",46,177,5,71,6,60
"716","Sylv1C",46,0,1,522,6,977
"717","Ano59",45,45,6,2618,233,12713
"718","cepesko",45,459,2,50,16,16
"719","Haptomai",45,0,1,588,5,7972
"720","Lenezir",45,1211,7,287,35,711
"721","Paul Mariuzzo Raynaud",45,787,6,268,63,2326
"722","Bala√Øtous",44,2084,2,6197,932,6074
"723","DonCo106",44,1,2,46,0,39
"724","fran√ßoish",44,0,1,1271,170,1081
"725","maphnsj",44,1284,5,2764,59,2433
"726","Mayeul",44,469,2,94,6,136
"727","MCLolo",44,198,3,59,0,13
"728","Neil Dewhurst",44,1668,6,1362,113,566
"729","simlio",44,0,1,5960,564,283282
"730","furax37",43,902,2,490,3,1274
"731","Henri97",43,2917,6,72,3,245
"732","peyot",43,1497,14,2288,144,17101
"733","sakdosse",43,0,1,958,9,1667
"734","AlexBellwald",42,0,1,66,0,11
"735","Carto_des_bois",42,1,2,98,2,13
"736","dr_grijando",42,271,4,342,2,245
"737","jstein",42,0,1,46,0,10
"738","Juraastro",42,442,2,115,41,220
"739","scottypro63",42,0,1,43,0,1
"740","sigsi",42,0,1,48,0,2859
"741","TiffBu",42,1,2,52,2,45
"742","zorglubu",42,116,5,1505,319,3331
"743","AmauryPi",41,208,3,51,0,68
"744","ArticCynda",41,616,5,77,1,675
"745","Cocodubono",41,0,1,47,1,11
"746","courdi95",41,16,6,839,2,1491
"747","izpura",41,838,10,302,11,551
"748","jebins",41,0,1,48,1,25
"749","lesallea",41,0,1,41,0,2
"750","user_2693181",41,175,8,716,218,291
"751","AlexBell",40,11,2,54,0,5
"752","antoineg",40,0,1,609,21,33603
"753","badpap",40,1820,3,583,2085,136893
"754","bolikahult",40,542,2,113,12,66
"755","Florian_G",40,1229,10,17701,1130,45653
"756","Fr√©d√©ric Bonnet",40,0,1,43,0,10
"757","Fr√©d√©ric de Flaugergues",40,6,3,149,7,647
"758","LudovicG",40,2307,9,958,129,233
"759","pierrelm",40,655,3,460,0,4481
"760","quicou 17180 ev",40,0,1,51,0,51
"761","Trouillas L√©o",40,0,1,40,1,0
"762","ueliw0",40,597,2,196,45,415
"763","wasabibi37",40,0,1,42,0,0
"764","Xiphos",40,42,7,121,12,227
"765","Ayack",39,277,4,129,3,385
"766","bagnolais",39,648,13,627,172,6433
"767","BCAHIER",39,0,1,39,0,0
"768","Jeece",39,8,5,5233,161,494
"769","linusable",39,2165,2,96,0,94
"770","Praet Tri-Men",39,56,4,301,34,1585
"771","Service PHS",39,0,1,43,0,9
"772","thiol",39,237,4,150,14,527
"773","Alekso42",38,42,5,267,56,1470
"774","Bernard59118",38,1822,8,5912,3040,23501
"775","Bert Araali",38,0,1,77,1,121
"776","chloe_breizh",38,193,3,40,8,227
"777","Crillon-Le-Brave",38,2,3,70,0,10
"778","homer__simpsons",38,35,8,3452,231,9930
"779","Karo-line",38,0,1,38,0,5
"780","Mathias_V",38,234,10,2510,977,1976
"781","stedewa",38,1435,5,381,29,199
"782","Talimyaro",38,48,4,84,2,366
"783","Balooval",37,1946,15,24883,716,91640
"784","BrunoRemy",37,284,4,123,2,99
"785","C√©dric F",37,44,6,117,23,222
"786","ferrero2",37,2,2,51,2,9
"787","foggy67",37,848,20,1452,68,323
"788","Kenairod",37,24,3,801,2,298
"789","Lui80",37,0,1,39,0,0
"790","Mario1952",37,4,3,37,3,40
"791","PipoCanaja",37,1081,10,558,112,9054
"792","ZephyroX",37,16,3,54,0,31
"793","arx",36,22,2,44,2,12
"794","donovaly",36,147,6,533,62,551
"795","Frank314",36,373,3,419,64,305
"796","gaspardedd",36,9,2,38,0,5
"797","isnogoud",36,294,4,140996,378,452850
"798","LionelB",36,2250,2,67,3,726
"799","mangeur üá®üá≠",36,25,5,71,0,1
"800","melliemellie",36,0,1,36,0,0
"801","teeta",36,0,1,46,0,0
"802","ZebulonT",36,669,6,80,0,173
"803","antecessor",35,31,3,66,4,25
"804","deuzeffe",35,190,4,3284,94,2916
"805","GeraldChatagnon",35,792,2,307,8,48737
"806","kdom",35,15,4,101,3,133
"807","Louis Symoneaux",35,0,1,222,5,128
"808","Lyoko√Ø",35,0,1,35,1,12
"809","MatthieuMartin",35,641,6,3646,266,1962
"810","Modimir",35,4,3,47,0,16
"811","Rom3745",35,0,1,680,7,702
"812","Thierry_la_Fronde_12",35,1490,12,1152,445,7511
"813","axx",34,9,3,417,0,62
"814","Bastien Zigmann",34,254,10,73,0,0
"815","Corneliux",34,1470,3,518,24,10698
"816","Daanvr",34,0,1,43,3,105
"817","HolgerJeromin",34,1057,3,185,0,113
"818","laurent-38",34,334,13,5506,2676,3778
"819","lesko987",34,0,1,55,1,29
"820","Martial BACQUET",34,0,1,158,29,172
"821","Nitram",34,2,2,230,0,50
"822","Pirrote",34,170,8,560,22,3439
"823","tiguillom",34,0,1,307,11,23
"824","William Desportes",34,4,2,806,64,988
"825","chuck95",33,36,3,99,1,72
"826","CloPontduch",33,1757,8,245,35,478
"827","fal7i",33,430,3,302,12,80
"828","Julientroploin",33,2009,3,72,0,115
"829","Roancellilee",33,3,2,94,9,81
"830","Sendi Grandel",33,1,2,35,0,5
"831","TripleBee",33,1042,6,13999,18989,761
"832","Weegle",33,1,2,37,0,40
"833","Beno√Æt Blanc",32,0,1,32,0,3
"834","BrunoC",32,1666,3,9917,260,294002
"835","Crillion-Le-Brave",32,2,3,138,0,22
"836","DSTPTF4",32,223,3,33,0,8
"837","dwausr",32,0,1,113,11,607
"838","eric6quatre",32,40,4,61,2,84
"839","Fabsss",32,3,2,242,49,764
"840","hxwiki",32,3,2,35,0,22
"841","jcoupey",32,480,3,240,2,27
"842","jf_simon",32,0,1,114,1,39
"843","JulienM",32,443,2,239,5,33503
"844","Mellisuga",32,4,2,286,25,161
"845","ottl",32,0,1,32,0,3
"846","Thibaut Degorre",32,0,1,93,0,19
"847","azoth36",31,0,1,40,0,4
"848","Guyou",31,2661,10,1144,20,3716
"849","jnsp",31,32,6,914,2,1093
"850","julien76100",31,0,1,57,134,16964
"851","numide",31,367,3,86,6,421
"852","rezemika",31,469,7,835,11,357
"853","Wikilux",31,739,3,78,21,716
"854","Benjidevedas",30,458,11,600,92,1378
"855","docschenk",30,0,1,579,496,410
"856","FKDH1",30,0,1,30,0,12
"857","giggls",30,0,1,47,0,10
"858","PanierAvide",30,2176,18,152238,1062,136651
"859","Pinpin",30,1557,3,14577,1980,177389
"860","SBL1980",30,189,6,195,114,538
"861","Sylvain M",30,1323,13,698,81,1841
"862","Vincent G√©nin",30,0,1,4148,5,163
"863","CC Billom Saint-Dier Vall√©e du Jauron",29,0,1,118,4,43
"864","Christophe Mathieu",29,0,1,41,9,41
"865","√âcolouise",29,1215,4,123,4,99
"866","Grichka",29,5,2,37,0,94
"867","Sardon29",29,2085,4,1972,316,32205
"868","scaalmap",29,1177,12,746,108,1662
"869","Silvyn!",29,1874,4,233,2,128
"870","tguylyon",29,0,1,30,0,0
"871","Adam Pugliese",28,0,1,35,0,10
"872","Appirit",28,1155,3,983,108,2247
"873","cretinus alpinae",28,85,2,316,46,91
"874","ElementW",28,325,5,636,31,707
"875","Formation_Tiriad",28,2,3,58,0,14
"876","guillaumevalentin",28,0,1,32,0,3
"877","jgc",28,109,2,168,5,872
"878","KaiPankrath",28,0,1,601,126,550
"879","Le Ruth√©nois",28,1566,20,918,51,458
"880","lucieCQ",28,15,3,28,0,145
"881","roger2villes",28,0,1,46,0,8
"882","yoko99",28,164,4,27160,1543,138608
"883","Zubbel",28,4,3,67,1,188
"884","bao_",27,0,1,64,0,40
"885","Bu√®ve",27,49,2,57,0,6
"886","FlorianGhoris",27,113,6,178,7,188
"887","Kikiwiin",27,0,1,30,0,9
"888","Max3786",27,0,1,104,1,80
"889","thibautRe",27,903,5,274,3,1024
"890","thibdrev",27,429,6,6108,958,4938
"891","xrt",27,20,6,1587,30,75
"892","Beno√Æt Monin",26,17,2,291,34,7241
"893","cfogel",26,20,3,93,11,372
"894","ClermontCo SIG",26,1,2,26,0,0
"895","eggie",26,1123,6,757,67,422
"896","fred63",26,305,2,221,12,2866
"897","Herelix",26,0,1,304,16,1206
"898","jpierre03",26,396,3,189,0,87
"899","kevinlornage",26,0,1,26,0,0
"900","MahTriX",26,0,1,47,0,122
"901","mk67",26,0,1,228,91,1380
"902","MPBS",26,578,4,57,13,52
"903","NootNooter",26,0,1,533,18,976
"904","P JDB",26,0,1,363,72,169
"905","rbm42",26,0,1,26,0,0
"906","SlowRider",26,2778,8,919,0,89
"907","tclaret",26,5,2,58,3,2418
"908","AngelGTi",25,421,2,54,4,9
"909","Creator13",25,72,7,322,17,756
"910","Dhyd",25,381,12,2105,327,7636
"911","fgouget",25,809,4,9267,852,2386
"912","filot",25,390,2,32,3,459
"913","Franckyidf",25,23,2,63,0,30
"914","kumy",25,0,1,820,27,1177
"915","Nervang",25,0,1,39,4,548
"916","No13",25,673,5,143,22,273
"917","nrjfmr",25,1313,6,237,31,57749
"918","Olivyeahh",25,4,2,44,0,66
"919","PirBoazo",25,0,1,40,1,51
"920","regis85",25,239,3,744,135,666
"921","rusefkuma",25,23,5,363,46,611
"922","species",25,0,1,615,5,95
"923","Vietwoojagig",25,1496,3,34,1,49
"924","Vincent Dechenaux",25,121,3,760,330,6209
"925","westnordost",25,1,2,129,109,87
"926","WizHard",25,0,1,38,0,8
"927","ADGRD",24,0,1,25,0,7
"928","antastew",24,0,1,25,0,13
"929","Azebleu",24,0,1,24,0,1
"930","ced78fr",24,825,2,112,2,65
"931","Cypouz",24,317,4,168,32,465
"932","gerdami",24,0,1,62,6,331
"933","LEZF",24,0,1,24,0,0
"934","padvinder",24,782,7,93,15,443
"935","pingoo",24,1827,4,751,166,57779
"936","pvk",24,378,3,27,0,8
"937","vcalame",24,0,1,198,17,749
"938","Arckedon",23,0,1,26,0,157
"939","B_Piguet",23,465,2,430,70,783
"940","cartomancer",23,1100,2,27,0,10
"941","Ciseur68",23,0,1,677,128,136
"942","fx99",23,1099,2,49,98,1054
"943","JeanmiR",23,213,4,36,2,167
"944","leclercjules",23,257,2,24,0,33
"945","miscosm",23,0,1,252,11,157
"946","mobik4",23,21,5,31,0,7
"947","Splak",23,468,3,378,14,43
"948","BOSSFANTA",22,0,1,24,0,13
"949","brocoli",22,48,5,201,93,228
"950","ecmarsden",22,0,1,1019,540,275238
"951","floeschen",22,0,1,26,2,1
"952","gbassiere",22,799,4,1462,8,581
"953","greywalker",22,1,2,277,5,301
"954","Helem",22,0,1,87,18,141
"955","Horbas",22,38,3,40,0,2
"956","Inkey",22,15,5,274,34,8157
"957","Jeff_",22,0,1,248,7,31
"958","Justina LA",22,0,1,22,0,8
"959","literan",22,0,1,72,1,19
"960","Matthieu Gaud√©",22,0,1,37,0,226
"961","obi76",22,406,2,38,8,446
"962","Philippe Pary",22,256,3,267,3,3402
"963","qwertygc",22,295,3,44,45,131
"964","Ralfhar",22,6,2,74,2,31
"965","spadini",22,1,2,676,0,296
"966","Tigrou Bilout",22,0,1,55,35,534
"967","umi-bozu",22,1,2,64,0,3
"968","Vitali Luca",22,0,1,25,0,193
"969","1r-2m",21,111,2,43,6,5
"970","Jafabe",21,579,4,44,9,45
"971","Jeffdelonge",21,14,2,23843,928,60563
"972","Julien Puig",21,0,1,25,0,0
"973","Manuel Eichenberger",21,2,2,44,0,7
"974","Marie Martre",21,0,1,24,0,2
"975","Nico3646",21,12,2,28,0,215
"976","nw520",21,269,4,1824,148,486
"977","pokomams",21,448,3,8307,98,3138
"978","tawuzoda",21,0,1,29,0,27
"979","user3232",21,0,1,36,3,105
"980","vincent_95",21,1920,10,29345,4270,176172
"981","vincentxavier",21,896,3,1344,157,53421
"982","violette",21,312,2,43,0,76
"983","@kevin_bullock",20,0,1,20,0,8
"984","andrewpmk",20,895,4,2214,167,1146
"985","apple93390",20,74,3,506,23,346
"986","barbecue",20,0,1,23,0,1
"987","benjaminfrin",20,0,1,21,0,160
"988","Breizh182",20,852,4,259,9,372
"989","Camilleh9",20,0,1,112,1,4
"990","CepVingraunais",20,215,4,222,19,603
"991","electropat",20,831,3,55,1,78
"992","ess",20,0,1,24,0,0
"993","frodrigo",20,2931,7,20176,1399,26014
"994","Gaetanl",20,142,2,31,0,60
"995","Gontzal",20,0,1,20,0,122
"996","Jenseblume",20,109,5,40,4,202
"997","johsin18",20,467,6,3494,106,3460
"998","M!dgard",20,1243,4,650,162,290
"999","Nimaj",20,0,1,37,0,1
"1000","Noframe",20,1142,5,106,4,203
"1001","osm-esa",20,0,1,20,0,4
"1002","smaprs",20,0,1,20,0,8
"1003","smendiza",20,0,1,20,0,0
"1004","Tim Morley",20,0,1,153,2,91
"1005","Ufal",20,477,11,1803,11,743
"1006","vlb44",20,1372,5,65,0,40
"1007","wikijoe",20,2,2,58,16,109
"1008","Youli1",20,1827,4,70,4,137
"1009","@5M-user",19,1165,4,170,0,26
"1010","Abeilard14",19,366,4,79,0,45
"1011","achim becker",19,0,1,275,5,4983
"1012","airv",19,1240,14,807,195,1984
"1013","Alexis de Lattre",19,0,1,886,0,848
"1014","beeboo",19,542,5,20,0,1988
"1015","Captcha42",19,97,2,29,4,10
"1016","Central America",19,1,2,26,1,37
"1017","dcp",19,3,2,528,1,176
"1018","ginette",19,91,2,68,0,10
"1019","GregOrevo",19,122,2,25,0,4
"1020","Hapja",19,0,1,25,0,15
"1021","Juju08lf",19,14,2,239,119,284
"1022","KartoGrapHiti",19,0,1,198,26,240
"1023","leosw",19,367,4,197,27,1419
"1024","llebegue",19,0,1,21,0,0
"1025","Martin Borsje",19,630,3,82,16,247
"1026","Mat22",19,0,1,38,5,68
"1027","Ocirne94",19,719,5,425,22,946
"1028","PEREIRA ISA",19,29,4,136,0,19
"1029","Peter 111",19,2080,8,17309,170,55682
"1030","proximab",19,204,9,37,1,1456
"1031","Rigomap",19,10,2,89,11,41
"1032","roptat",19,811,4,6789,257,3375
"1033","Shoe Puppet",19,157,4,123,31,80
"1034","Sibo Dolem",19,0,1,21,0,4
"1035","sulagaloh",19,139,3,117,25,2279
"1036","taeradan",19,1219,3,118,0,53
"1037","Thomas CRESTEY",19,0,1,31,0,38
"1038","user44",19,0,1,19,0,0
"1039","xuppra",19,0,1,20,2,15
"1040","Yves-LG",19,1,2,172,29,881
"1041","_Arkeen_",18,0,1,18,0,2
"1042","Agaric",18,1884,10,8480,115,3655
"1043","ANMON",18,0,1,123,0,26
"1044","Anthony PHILIBERT",18,0,1,18,0,19
"1045","benjix",18,0,1,21,0,239
"1046","Chorons",18,68,7,99,14,333
"1047","Dr ReVeRIES",18,0,1,18,0,0
"1048","DST-Noyarey",18,203,7,31,0,98
"1049","E2i_ESGT_groupe4",18,39,2,21,0,49
"1050","fmorel",18,294,2,3139,611,14329
"1051","gnrc69",18,7,2,5086,284,2411
"1052","JIBEC",18,138,2,3291,343,77695
"1053","Letitbe133",18,1,2,29,0,1
"1054","Linfection",18,0,1,21,3,7
"1055","MarieR13",18,0,1,40,0,12
"1056","Mathieu S",18,0,1,67,0,89
"1057","Med",18,0,1,2736,15,6637
"1058","NamsNugax",18,3,2,21,0,20
"1059","osm191639",18,0,1,290,1,2961
"1060","Roadrenner",18,0,1,20,1,118
"1061","Sebastien Dinot",18,1479,5,2089,776,69839
"1062","semigradsky",18,0,1,18,0,16
"1063","SiB",18,2192,2,61,5,115997
"1064","Thomas KUNTZ",18,12,3,69,0,52
"1065","aeofij",17,0,1,59,0,12
"1066","asmoth360",17,0,1,57,5,15
"1067","Barnabatoule",17,0,1,18,0,3
"1068","Cathy25",17,0,1,27,0,4
"1069","citron-bleu",17,0,1,86,1,4230
"1070","Corleca",17,124,2,373,4,24
"1071","√âcole Joppet",17,435,2,28,0,4
"1072","factis",17,0,1,48,8,171
"1073","frosm",17,223,3,6126,489,8567
"1074","lebansais",17,23,6,21,0,4
"1075","mairieivry",17,711,3,155,21,104
"1076","marion64",17,0,1,18,0,0
"1077","mexog",17,999,4,81,29,570
"1078","mobik2",17,24,6,22,0,3
"1079","morpfr",17,1,2,101,11,85
"1080","phyt",17,411,6,82,42,125
"1081","Prenol",17,498,3,948,178,311
"1082","Raymond",17,1224,3,477,23,275
"1083","SkedHeol",17,0,1,180,0,17769
"1084","Stephixus",17,315,4,1307,139,4743
"1085","Thomas8122",17,219,2,52,4,516
"1086","tubalpes",17,607,5,344,38,1591
"1087","val_g",17,0,1,17,0,0
"1088","vanagaudi",17,25,7,581,492,969
"1089","vanessa748",17,0,1,28,0,7
"1090","_URUS",16,10,2,438,170,341
"1091","Amargein",16,672,2,447,1,41071
"1092","bbrice8",16,608,4,218,22,188
"1093","BenedicteSchmitt",16,8,2,24,0,1
"1094","Bergeot",16,355,3,2068,110,11926
"1095","catweazle69514",16,0,1,39,4,524
"1096","Dani CS",16,310,11,737,96,421
"1097","Diec",16,7,2,93,26,2152
"1098","Einhorn-a",16,0,1,16,0,10
"1099","jcnouveau",16,407,3,76,2,237
"1100","Karmagnu",16,225,7,3987,1027,206
"1101","mbyte",16,0,1,27,0,27
"1102","mueschel",16,558,10,876,157,1194
"1103","nbossard",16,240,2,476,22,645
"1104","rakudave",16,572,5,727,7,2682
"1105","ruboqif",16,4,3,83,22,24
"1106","tjjh",16,182,4,28,6,1091
"1107","yvand",16,2,2,107,3,20
"1108","–†–∞—Å—Å–ª–∞–±–æ–Ω",16,0,1,22,2,1
"1109","aleene",15,879,6,1225,35,1326
"1110","Ben Suttor",15,1759,4,42,24,345
"1111","Borderline6",15,991,6,165,0,37
"1112","Damouns",15,2248,6,8542,1471,34860
"1113","dddos",15,398,2,33,60,31
"1114","Emmanuelc",15,1124,4,142,1,81
"1115","espritboudha",15,0,1,35,0,5
"1116","franfran94",15,274,2,20,1,13
"1117","Guillaume Doukhan",15,0,1,44,0,5
"1118","Handshuh",15,0,1,15,0,2
"1119","Hiwelo",15,1,2,48,0,2
"1120","isaz",15,0,1,15,0,0
"1121","j-e-d",15,0,1,126,0,14
"1122","JeanFred",15,0,1,134,32,85
"1123","jfnif",15,250,3,57656,1300,45729
"1124","johnparis",15,1459,9,25899,2782,904
"1125","L'imaginaire",15,4,3,136,31,208
"1126","Leovilok",15,0,1,38,0,14
"1127","Maps Tester",15,0,1,16,0,7
"1128","nenebale",15,0,1,22,0,11
"1129","osm21",15,0,1,15,0,76
"1130","ROJLP",15,1671,4,862,11,3538
"1131","Schrubbel",15,40,4,41,0,298
"1132","stpo340x",15,11,5,383,1,217
"1133","Themaire",15,0,1,20,0,189
"1134","YannC",15,36,2,142,35,43
"1135","ysculo",15,6,2,486,0,175
"1136","Allan Christiansen",14,4,2,25,3,41
"1137","AppLeVV",14,73,2,31,16,300
"1138","Aubanel",14,78,4,185,11,1104
"1139","baptistegmt",14,0,1,21,0,6
"1140","belgavox",14,940,2,201,24,10666
"1141","BIPBOP",14,3,2,39,1,131
"1142","ChristophZ",14,0,1,22,0,19
"1143","contributmwr",14,5,2,1004,0,18
"1144","cypriend",14,374,4,806,14,137
"1145","Daniel Besnard",14,0,1,28,0,12
"1146","david2n",14,0,1,38,9,105
"1147","defuneste",14,0,1,14,0,0
"1148","Dreagon",14,1,2,37,1,14
"1149","Dyserth",14,0,1,17,3,174
"1150","Goazoures85",14,443,3,362,5,121
"1151","guillaume DK",14,0,1,20,0,3
"1152","hdegooijer",14,0,1,19,0,4
"1153","HelenePETIT",14,1387,6,2468,551,29225
"1154","Jorisbo",14,16,2,29,4,199
"1155","Leptitmouton",14,0,1,4368,931,2232
"1156","LLM",14,1190,5,110,6,230
"1157","marckl",14,0,1,4480,55,8155
"1158","Maxime W",14,0,1,126,110,118
"1159","polkichou",14,0,1,14,0,0
"1160","tlrx",14,644,8,582,4,2646
"1161","@rthy",13,16,2,180,2,402
"1162","abeillerieuse",13,8,3,22,4,141
"1163","Alexb60",13,0,1,2749,2502,1394
"1164","bazgal",13,1,2,9767,1234,2772
"1165","cyrille caudroy",13,0,1,17,0,0
"1166","Dagou",13,555,3,458,59,458
"1167","D√©mocratie & Participation Rodez",13,8,4,41,0,13
"1168","DonKanet",13,0,1,107,0,382
"1169","Esperanza36",13,124,2,4141,196,156388
"1170","franz_k",13,0,1,62,0,3941
"1171","gatienbataille",13,342,5,19,1,49
"1172","Geodoan",13,469,3,50,3,97
"1173","Guixovitch",13,24,4,148,0,89
"1174","Herv√© blorec",13,4,4,2623,16,333
"1175","Huglu96",13,0,1,986,31,16488
"1176","Jeremy G",13,1636,2,48,1,14
"1177","J√©r√©my Nicvert",13,1467,12,89,38,2348
"1178","JoWeMap",13,0,1,26,0,8
"1179","Laurent CHOISIE",13,163,3,1230,379,357
"1180","Luque",13,2267,4,4579,121,69848
"1181","Metaltyty",13,154,3,2198,346,1178
"1182","Mickey86",13,1507,4,5586,108,13516
"1183","Minie-Mini",13,12,2,54,44,756
"1184","seyvy",13,0,1,21,0,65
"1185","Sophie E",13,0,1,16,0,3
"1186","Theo BRESOLIN",13,0,1,13,0,4
"1187","voyageant",13,255,2,824,39,384
"1188","Weasel-Wiesel",13,0,1,26,0,5
"1189","xybot",13,176,2,1518,36,3021
"1190","aetius",12,0,1,937,163,164
"1191","antonbundle",12,0,1,38,10,10
"1192","Batisteo",12,0,1,138,2,32783
"1193","bollee23",12,0,1,14,0,0
"1194","deubeuliou",12,116,2,50,2,137
"1195","dino",12,2541,7,2331,26,2936
"1196","Djam",12,2554,6,876,104,1469
"1197","EdAllen",12,0,1,127,9,226
"1198","fjoffrion",12,0,1,13,0,1
"1199","FrankVD",12,14,2,278,47,1523
"1200","FvGordon",12,1855,11,1930,1325,8169
"1201","hawkwig",12,441,2,83,49,86
"1202","jcp41",12,0,1,106,5,1832
"1203","Jean Paul K",12,0,1,14,0,4
"1204","Jerome_",12,1256,2,140,37,154
"1205","Kannfey",12,0,1,33,0,6
"1206","keigan160",12,414,2,51,3,247
"1207","Lambig",12,0,1,104,5,67
"1208","Le Rahmi",12,0,1,15,0,4
"1209","loicuv",12,0,1,110,2,147
"1210","Manosque Verdon",12,203,6,3908,159,10851
"1211","Marie-Julie",12,0,1,26,1,2
"1212","Mercator",12,1424,3,1020,29,1777
"1213","mickael37",12,378,2,33,1,32
"1214","MrCasimir",12,57,2,30,0,8
"1215","OpenStreetMap-WP",12,0,1,12,0,1
"1216","Pf√§lzer669",12,677,4,454,42,1410
"1217","pizzaiolo",12,0,1,84,0,6
"1218","ptrcgrcosm",12,0,1,13,0,21
"1219","S Latourte",12,1085,10,44,129,1167
"1220","skahnt",12,1020,3,83,3,169
"1221","tgomez",12,0,1,13,0,19
"1222","tito72",12,0,1,180,1,2354
"1223","tomael",12,2,2,282,22,257
"1224","Tyndare",12,8,2,1418,59,32311
"1225","whauix",12,193,3,188,0,31
"1226","WhiskyMacK",12,1223,2,160,40,639
"1227","Win32netsky",12,0,1,71,14,2531
"1228","Arathos",11,396,6,390,23,38
"1229","Cindy55",11,0,1,24,1,93
"1230","Drine",11,0,1,15,1,3
"1231","E2I_ESGT_Groupe2",11,2,2,34,0,36
"1232","Fred_Go",11,5,2,53,4,290
"1233","G√©oJura",11,0,1,78,8,25
"1234","gick",11,2,2,11,0,0
"1235","gionax",11,17,2,216,1,162
"1236","GLassus",11,0,1,16,0,1
"1237","Guillaume R",11,0,1,17,0,61
"1238","IsatisBleu",11,842,3,132,2,401
"1239","laurentmartin",11,2,2,17,0,31
"1240","onurb",11,0,1,26,0,15
"1241","Patrick FitzGerald",11,0,1,21,0,1484
"1242","Pyb",11,847,2,67,0,54
"1243","romeodelta",11,150,2,231,62,1942
"1244","TifKim",11,0,1,13,0,2
"1245","TozZ",11,0,1,12,0,28
"1246","trystero",11,0,1,100,0,73
"1247","ulis1",11,665,3,13,0,0
"1248","v0lv0x",11,114,3,174,0,20
"1249","vercauthomas",11,0,1,25,0,22
"1250","verdom23",11,0,1,12,0,15
"1251","aldereric",10,0,1,18,0,49
"1252","Barbara FRANCOIS",10,0,1,19,0,12
"1253","Ben97",10,11,5,52,83,2588
"1254","Black Myst",10,0,1,677,110,1420
"1255","blm07",10,0,1,75,4,70
"1256","chewey",10,3,2,101,28,202
"1257","Emeric",10,0,1,742,36,675
"1258","Eric DUMAS",10,0,1,319,32,1367
"1259","FatouD",10,0,1,10,0,0
"1260","GeBu",10,395,5,28,0,227
"1261","KarimABDELLAH",10,0,1,11,0,5
"1262","kikiph",10,0,1,26,0,0
"1263","marius851000",10,281,2,40,4,88
"1264","Mauls",10,0,1,95,87,37
"1265","milan72430",10,4,2,18,1,40
"1266","nc-lille3",10,10,3,335,1,175
"1267","NC12",10,342,3,239,13,1240
"1268","Ndangane",10,474,4,60,11,335
"1269","nudelkiste",10,0,1,12,0,10
"1270","Onym",10,0,1,232,18,139
"1271","osm_contrib",10,0,1,408,12,197
"1272","Piero G",10,0,1,10,0,2
"1273","Pmz",10,2885,8,3185,5790,2176
"1274","Pompier sgpo",10,0,1,345,3,3167
"1275","Progi1984",10,1622,2,162,7,537
"1276","Sanderd17",10,0,1,149,51,1214
"1277","SK53",10,1259,4,182,11,2271
"1278","Wegabschneider",10,1909,7,448,25,318
"1279","wilpin",10,7,3,38,2,25
"1280","wiltomap",10,0,1,54,1,38
"1281","Wormsy",10,3,2,10,0,6
"1282","zorun",10,9,5,515,7,124
"1283","A Gachen",9,0,1,9,0,0
"1284","BCNorwich",9,171,4,103,48,1382
"1285","CedricDV",9,526,3,12806,415,28748
"1286","celine13500",9,0,1,16,0,1
"1287","CharlotteRizzk",9,0,1,10,0,1
"1288","Corentin Lemaire",9,0,1,12,0,30
"1289","dankpoet",9,101,3,12,5,111
"1290","DerMario",9,77,5,63,3,996
"1291","dreknor",9,0,1,11,0,35
"1292","Eugenip22",9,179,2,14,5,7
"1293","freeclimber",9,0,1,80,7,3270
"1294","Freestyle1984",9,0,1,32,0,33
"1295","harmor",9,2525,4,273,74,619
"1296","idopi",9,0,1,105,5,141
"1297","IIVQ",9,132,2,491,532,256
"1298","ivom",9,0,1,224,0,27
"1299","Kamp",9,0,1,24,0,3
"1300","Le Grand Blond",9,1938,5,2037,313,2778
"1301","leCaimant",9,13,2,92,1,63
"1302","Mants",9,0,1,9,0,0
"1303","MapFugees",9,0,1,19,0,3
"1304","MIchel SDIS 04",9,1305,6,249,3,525
"1305","Musstermar",9,0,1,9,0,48
"1306","odna",9,0,1,17,1,426
"1307","OSMoz",9,2,2,12,0,5
"1308","palkeo",9,0,1,32,0,14
"1309","PaulBSD",9,0,1,49,18,77
"1310","Pierre Gillet",9,0,1,69,1,72
"1311","pyvesa",9,0,1,15,0,47
"1312","Question2me",9,1,2,9,0,2
"1313","rgenoud",9,2147,3,1055,64,9580
"1314","sabas88",9,1,2,58,7,23
"1315","stefanrohrbach",9,4,2,57,3,44
"1316","Steven Ferreira",9,28,2,18,0,30
"1317","swissoptimist",9,0,1,31,3,343
"1318","tetreau",9,0,1,15,1,2
"1319","theophrastos",9,0,1,34,12,15
"1320","TPhilippon",9,0,1,13,0,31
"1321","Uranzu_import",9,2,2,35,0,52
"1322","Aerius42",8,0,1,56,0,10
"1323","Antoine Sirinelli",8,0,1,64,22,136
"1324","arobl",8,1379,3,41037,1553,366515
"1325","ArthurLutz",8,11,2,1776,5,617
"1326","Axelos",8,1347,3,5791,537,3142
"1327","balise34",8,3,3,8,0,41
"1328","Christian SALCHOW",8,0,1,15,0,67
"1329","classe1",8,2,2,43,0,7
"1330","damien3873",8,9,2,26,0,47
"1331","daop5510",8,1853,7,27399,1833,112356
"1332","Delight26",8,0,1,11,0,9
"1333","dig360",8,716,2,14,0,4
"1334","emmanuelecois",8,0,1,56,5,198
"1335","escamillo",8,97,4,358,14,120
"1336","florian_g",8,63,2,3649,504,2561
"1337","flosam",8,0,1,10,0,5
"1338","ForstEK",8,0,1,22,0,326
"1339","Francois555",8,1263,5,1110,8,236
"1340","Gaellig",8,1,2,18,0,8
"1341","gepeix",8,0,1,15,2,167
"1342","guggis",8,3,2,147,11,109
"1343","irgusite",8,0,1,9,0,16
"1344","joedal-osm",8,0,1,8965,2539,27090
"1345","Julien Chab",8,0,1,679,0,8642
"1346","Libre Circulation",8,299,4,142,53,101
"1347","Luc C",8,0,1,227,0,39
"1348","mlodeve",8,0,1,8,0,0
"1349","mobik1",8,15,2,9,0,0
"1350","monsieur a",8,1265,3,8790,680,172200
"1351","PhilHeck",8,821,3,22,1,16
"1352","pschonmann",8,0,1,10,0,20
"1353","quelqu'un",8,0,1,251,1,393
"1354","QuentinLab68",8,0,1,129,38,544
"1355","Remo Crubraz",8,29,3,95,14,47
"1356","rems62",8,766,2,16,1,53
"1357","s-tikhomirov",8,155,2,143,3,421
"1358","Shivaia",8,20,3,46,72,118
"1359","SilvanC",8,0,1,10,0,4
"1360","simgis",8,0,1,262,8,122
"1361","sorau",8,0,1,271,0,173
"1362","Tabasco2",8,0,1,16,0,1
"1363","Tchiller",8,13,2,10,0,5
"1364","user_2230854",8,0,1,8,1,58
"1365","vwvw",8,505,3,68,10,132
"1366","wonux",8,0,1,8,0,2
"1367","YOSM",8,886,6,343,203,357
"1368","adavirondebrouillards",7,0,1,13,0,5
"1369","agnesrambaud",7,0,1,359,9,994
"1370","annecassa",7,0,1,28,0,8
"1371","APDA33-1",7,127,2,19,1,3
"1372","APDA33-2",7,0,1,29,0,21
"1373","ArThuRacK",7,37,3,16,1,67
"1374","babylove",7,0,1,13,0,9
"1375","Bot45715",7,0,1,10,0,37
"1376","Chalisi",7,198,3,1299,248,1100
"1377","Christophe_GCT_EMS",7,49,2,24,1,21
"1378","CitymapperHQ",7,720,3,25,16,2
"1379","Cradamy",7,0,1,9,8,25
"1380","DagelijksGamer",7,0,1,7,0,0
"1381","darkkrayat84",7,317,2,34,1,2
"1382","djakk",7,999,2,318,5739,90
"1383","etienne-jura-geneve",7,531,2,83,5,73
"1384","Gabriel Hautclocq",7,414,4,8,17,337
"1385","gaspard",7,62,2,48,1,466
"1386","G√©ov√©lo",7,1230,5,3469,1574,330
"1387","hendrix33",7,0,1,17,6,7
"1388","Jamainju",7,0,1,7,0,1
"1389","Jijais",7,0,1,239,5,25
"1390","jojo et philou",7,0,1,10,0,7
"1391","JonOrchard",7,332,2,13,0,14
"1392","Jp-Oc",7,691,5,296,5,66
"1393","Kwinkwin",7,0,1,72,0,35
"1394","loristewis",7,0,1,56,0,29
"1395","Manu4bb9a",7,173,2,283,49,12867
"1396","Mathilde Argoud",7,0,1,7,0,0
"1397","Nikos Vidalis",7,454,3,137,5,174
"1398","OlivierRando",7,0,1,12,1,26
"1399","philipp973",7,0,1,13,0,4
"1400","Pieter Vander Vennet",7,0,1,52,6,57
"1401","Pj44300",7,1635,3,65,20,93
"1402","Richardbla",7,0,1,4463,12,1252
"1403","Romainlyon",7,0,1,14,0,0
"1404","samden",7,13,2,40,13,65
"1405","Scarfraise",7,0,1,9,0,5
"1406","stadiaarcadia",7,0,1,12,0,175
"1407","Tanguy Le N√©naon",7,0,1,10,0,51
"1408","the_smile",7,2489,4,1771,730,7793
"1409","ThePierrasse",7,395,5,2195,237,1181
"1410","Tobal2001",7,2,2,40,3,37
"1411","tomao44",7,396,4,702,16,542
"1412","yegorm",7,0,1,9,0,1
"1413","Adrien Che",6,0,1,10,0,16
"1414","Ailurus24",6,0,1,3034,0,399
"1415","azop51",6,0,1,136,17,7960
"1416","BadWolf",6,0,1,1520,98,1652
"1417","Barth√©l√©my Chenaux",6,0,1,9,0,1
"1418","blacKeuz",6,0,1,13,0,4
"1419","C214",6,6,4,109,63,10
"1420","cartojo",6,1049,3,1273,259,4295
"1421","Cloudbusting",6,0,1,25,3,532
"1422","colargol",6,1869,4,4575,46,1421
"1423","cooks1000",6,0,1,6,0,2
"1424","Coucouf",6,404,4,3018,111,563
"1425","Cucchietti",6,0,1,239,10,160
"1426","david maillefaud",6,0,1,56,5,177
"1427","dds35",6,498,3,37,0,8
"1428","Decazeville Communaut√©",6,0,1,33,5,12
"1429","DiChap",6,0,1,7,18,22
"1430","Dumont Olivier",6,30,2,7,2,10
"1431","E2i-ESGT-g3",6,2,2,27,1,14
"1432","earthmap",6,0,1,836,1,40
"1433","emersion",6,613,3,110,3,172
"1434","Emic37",6,101,2,155,14,161
"1435","fab0171",6,0,1,63,0,68
"1436","fesch2",6,0,1,26,0,2
"1437","foehn",6,0,1,9,0,6
"1438","Fran√ßois2",6,111,2,1526,86,1091
"1439","freb",6,0,1,8,18,27
"1440","garygou",6,3,2,14,0,38
"1441","GillesGameche",6,0,1,20,0,7
"1442","H@mlet",6,11,3,904,41,2689
"1443","Hygie",6,345,4,356,5,747
"1444","Icephale",6,0,1,58,22,3612
"1445","JBacc",6,1,2,25,1,3616
"1446","jnicot",6,0,1,7,0,3
"1447","jrmie",6,0,1,7,0,1
"1448","kikisnow",6,13,2,173,5,565
"1449","Kkosmos",6,0,1,12,0,2
"1450","kpym",6,0,1,129,8,177
"1451","LCeT",6,0,1,94,1,43
"1452","locneu",6,1,2,48,13,42
"1453","Markus (Iffze)",6,0,1,23,0,21
"1454","Mathieu N",6,0,1,6,0,0
"1455","max93600",6,0,1,1040,625,455
"1456","Mikani21",6,13,2,74,3,68
"1457","miredo",6,1672,5,1085,97,6042
"1458","Mirgolth",6,23,3,196,9,49
"1459","MODE83",6,749,3,41,1,99
"1460","Munic√≠pioViseu",6,0,1,22,15,62
"1461","N005",6,188,3,14,2,151
"1462","offshore44",6,2062,4,896,92,209
"1463","PEP40",6,0,1,8,0,8
"1464","Pieren",6,838,2,84987,197,96090
"1465","Pinson79",6,0,1,9,1,1
"1466","Ptitetete",6,1,2,6,0,0
"1467","RGPS",6,0,1,230,53,15240
"1468","Saarminner",6,0,1,9,0,2
"1469","Scrup",6,0,1,17,0,1
"1470","Shlublu",6,0,1,260,51,257
"1471","spietsnaz",6,289,3,19,4,51
"1472","SupraAegis",6,0,1,118,2,23
"1473","TheHammer",6,0,1,16,14,84
"1474","Thpathpa",6,0,1,37,0,8
"1475","Tom360",6,0,1,8,3,35
"1476","Tranquille",6,0,1,618,40,72
"1477","Vache Meuh",6,12,3,472,712,774
"1478","Vigilence",6,68,2,946,7,378
"1479","Vincent D√©m",6,0,1,33,0,19
"1480","Xapitoun",6,0,1,2697,73,682
"1481","xlopez",6,0,1,17,0,4
"1482","YanUbik",6,0,1,192,69,167
"1483","Zorglub Dernier",6,0,1,255,46,2498
"1484","AdavaPaysd'Aix",5,13,2,91,133,9
"1485","AddicTerra",5,0,1,159,0,26
"1486","Alex Corioze",5,746,5,1893,67,477
"1487","Andonier",5,0,1,5,0,23
"1488","aneuve",5,0,1,8,0,5
"1489","Anthony Hernandez",5,0,1,35,4,53
"1490","Arlo James Barnes",5,0,1,25,0,1
"1491","ArnaudJ59",5,477,3,2228,430,2044
"1492","Arno0405",5,0,1,49,0,2
"1493","assania",5,0,1,5,0,1
"1494","Axel Fourneyron",5,0,1,5,0,0
"1495","Azpidatziak",5,0,1,30,3,8
"1496","Blueberry",5,0,1,771,15,4327
"1497","BlueRecon",5,0,1,5,0,3
"1498","captain kradok",5,0,1,5,0,0
"1499","Caramelles",5,19,3,525,557,97
"1500","cassinette",5,102,4,441,7,18
"1501","CecRemy",5,0,1,5,0,20
"1502","DiaouligRu",5,294,5,2778,806,2804
"1503","DidierC",5,0,1,5,0,0
"1504","DieselSBK",5,0,1,5,0,1
"1505","Dof",5,346,2,1751,22,16318
"1506","Dominus Carnufex",5,482,2,122,7,314
"1507","efes",5,70,3,191,5,59
"1508","Emmanuel Pacaud",5,2072,2,128,15,78014
"1509","Ergerzher",5,0,1,45427,460,1374
"1510","etiennerando",5,5,3,41858,157,78051
"1511","etno",5,48,2,210,10,415
"1512","eumiro",5,730,2,1713,312,1072
"1513","exxos",5,6,2,66,1,129
"1514","Formation UrbanProd",5,0,1,7,0,8
"1515","gae30",5,0,1,9,0,0
"1516","Gilles Nogues",5,599,2,172,7,943
"1517","Gr√©goire Bonnat",5,0,1,5,0,0
"1518","haavee",5,1126,5,1942,1415,860
"1519","hadry",5,55,4,198,27,9696
"1520","Haldric",5,0,1,382,143,572
"1521","howdystranger",5,104,2,5,0,20
"1522","ihapps",5,0,1,227,2,115
"1523","Ivan Herman",5,0,1,20,0,9
"1524","Libre circulation",5,548,4,114,8,62
"1525","Linugis",5,121,2,115,14,147
"1526","Lionel Martelin-Poder",5,115,4,40,0,1872
"1527","M√§nnedorf",5,0,1,41,15,156
"1528","manu58",5,0,1,11,0,6
"1529","Maryntime",5,0,1,11,0,14
"1530","Matthieu Moy",5,0,1,29,26,15
"1531","mcld",5,464,2,97,0,52
"1532","Metacity",5,2,2,6115,1346,1081
"1533","mfnantes",5,0,1,19,0,8
"1534","mifu",5,0,1,5,0,0
"1535","Mikaye",5,0,1,206,11,492
"1536","mink",5,44,3,293,0,509
"1537","mksf",5,14,4,202,18,1234
"1538","Nadhouu",5,0,1,18,0,11
"1539","nono le mapeur",5,1484,4,2927,11,29791
"1540","oplotcha",5,0,1,226,6,1435
"1541","pierbou",5,0,1,1493,38,25544
"1542","Pierre Blois",5,0,1,22,52,30
"1543","Platon72",5,0,1,19,0,100
"1544","Polyglot",5,42,2,8629,6490,2114
"1545","py_berrard",5,0,1,297,35,1131
"1546","Quentin Harivel",5,551,5,33,11,257
"1547","richard worl",5,143,2,32,0,77
"1548","Rini1",5,412,3,8,10,19
"1549","roki",5,1,2,223,7,489
"1550","salimbens",5,532,2,929,276,106
"1551","SoulReaper",5,14,2,1117,5,1088
"1552","thomasbkd",5,302,2,40,0,59
"1553","thomasschmit",5,0,1,41,9,73
"1554","Timmo",5,213,2,25,0,19
"1555","toto78",5,0,1,42,0,14
"1556","tugen",5,792,2,1804,15,430
"1557","tuyetnho",5,0,1,16,0,5
"1558","unbreton",5,71,2,2746,1,167
"1559","VictorBrice",5,25,2,34,7,119
"1560","Vincent_p",5,4,3,8,0,3
"1561","VincentRando24",5,0,1,902,163,968
"1562","warndtler",5,218,4,1604,5,19767
"1563","wegspotter",5,0,1,24,16,137
"1564","Yherisson",5,5,2,81,5,61
"1565","Yvan Botteron",5,0,1,8,0,5
"1566","–Æ–∫–∞—Ç–∞–Ω",5,0,1,57,1,74
"1567","Alane Konan",4,0,1,4,0,4
"1568","AlexandreS",4,0,1,39,0,17
"1569","Angel115",4,0,1,17,0,10
"1570","barrel_shifter",4,0,1,4,0,9
"1571","Beteille",4,0,1,402,321,93
"1572","BFX",4,11,2,29,7,45
"1573","Bikeurs",4,0,1,17,5,19
"1574","bobolica",4,74,4,64,3,29
"1575","Carte-on",4,15,2,780,693,4236
"1576","cassidy33",4,0,1,4,0,0
"1577","Cedric780",4,447,3,195,21,557
"1578","Cehagenmerak",4,0,1,219,4,262
"1579","chene",4,203,3,159936,326,566541
"1580","chiquet damien",4,0,1,6,2,31
"1581","Chlc",4,345,4,1111,1560,594
"1582","cihaneken",4,0,1,7,0,2
"1583","ClaudeMarani",4,1315,4,6130,893,50162
"1584","Coaster2008",4,0,1,23,2,109
"1585","Cumulus38",4,0,1,30,2,71
"1586","DD1GJ",4,0,1,641,8,502
"1587","Delarche",4,0,1,10,0,0
"1588","DIDIER HURDOYAL",4,0,1,16,0,283
"1589","dostoi",4,206,2,2334,340,866
"1590","ekke",4,46,2,51,0,14
"1591","Emmanuel Dewaele",4,1547,4,7391,124,137284
"1592","Erwan38",4,0,1,4,0,6
"1593","escada",4,1635,4,165,32,650
"1594","Etae3ahng4ui",4,0,1,6,0,2
"1595","FlorNet",4,0,1,5,0,2
"1596","Francoerbi41",4,14,3,4,0,0
"1597","Gab56",4,551,2,1397,26,1531
"1598","galileoo",4,178,2,66,0,230
"1599","gormur",4,1349,4,190,35,89
"1600","GRAND PARC MIRIBEL JONAGE (LS)",4,0,1,11,0,0
"1601","gwbpt",4,2,2,184,6,106
"1602","Gyrostat",4,2,2,519,59,99
"1603","habi",4,2,2,102,0,29
"1604","Hessen-Ralph",4,0,1,60,0,61
"1605","Jean-Mi ToutTerrain",4,568,2,465,169,373
"1606","joe_chip",4,0,1,26,1,83
"1607","kalc",4,0,1,34,6,85
"1608","Laurent39",4,412,4,1313,65,13828
"1609","lhapaipai",4,0,1,482,13,3149
"1610","lp_ge",4,476,3,59,0,14
"1611","lyciathelycanroc",4,0,1,8,0,13
"1612","Mapdan89",4,1247,3,3882,6,1031
"1613","Marc Varrasse",4,3,3,4,0,1
"1614","marek kleciak",4,0,1,54,6,6
"1615","Matt Clld",4,0,1,15,1,12
"1616","meannder",4,0,1,25,2,132
"1617","merz",4,0,1,7,0,16
"1618","Mithrandir_",4,0,1,30,0,1468
"1619","MT-13",4,0,1,6,0,0
"1620","Muokkaaja",4,0,1,10,0,3
"1621","NickLite",4,8,2,6,0,7
"1622","NikoJorj",4,71,3,141,39,214
"1623","Olivari Matthieu",4,26,2,13,0,0
"1624","ophperez",4,0,1,14,2,1583
"1625","Peda",4,0,1,4,0,4
"1626","Phyks",4,0,1,945,147,218
"1627","plnew",4,0,1,216,6,19
"1628","PSR-2",4,27,2,64,5,72
"1629","Razican",4,0,1,4,0,17
"1630","Romelito",4,0,1,45,0,50
"1631","Schlehenhexe",4,0,1,110,0,10
"1632","Scott Jojo",4,0,1,4,0,7
"1633","Sebleouf",4,1387,3,100,0,86
"1634","Serge Gre",4,15,2,517,3,205
"1635","slor",4,0,1,19,0,2
"1636","Smallf00t",4,0,1,24,0,58
"1637","sparkfun",4,0,1,4,0,0
"1638","Thibault JUNIN",4,0,1,4,0,2
"1639","Thrrp",4,0,1,74,53,1813
"1640","Toni Serra",4,0,1,138,14,36
"1641","Tutilon",4,1340,3,510,123,8688
"1642","Uaaas",4,0,1,11,0,2
"1643","VELODB",4,2145,3,1510,85,622
"1644","vincedchart",4,5,2,50,3,130
"1645","Wuzzy",4,761,2,146,20,20
"1646","Yan C",4,0,1,35,0,16
"1647","3stan",3,27,2,1248,39,5230
"1648","AdeleCerchiaro",3,0,1,6,0,5
"1649","Adrien Caillot",3,55,2,193,21,122
"1650","Alain Bernard",3,66,2,13,0,10
"1651","allier",3,377,3,715,125,2003
"1652","amatissart",3,0,1,157,31,153
"1653","andrei1974",3,0,1,15,0,8
"1654","ARCH33",3,0,1,7,0,28
"1655","AuroreP",3,0,1,4,0,5
"1656","Aury88",3,0,1,81,1,47
"1657","bastien szczepaniak",3,0,1,8,1,11
"1658","Beersson",3,0,1,8,0,28
"1659","BeKri",3,107,2,990,8,607
"1660","benni_75",3,1886,3,446,2,2033
"1661","bikedeluxe",3,0,1,5,1,27
"1662","BilbaPattes",3,0,1,86,0,52
"1663","blue_prawn",3,0,1,9,0,1
"1664","BMDNTG",3,0,1,18,0,0
"1665","Boris Klymko",3,0,1,3,0,16
"1666","breversa",3,514,3,118,57,106
"1667","Cactusbone",3,1675,3,20,12,1675
"1668","CGJ-4",3,0,1,4,0,2
"1669","Chris51-CH",3,0,1,3,0,0
"1670","christianbarth",3,413,2,19,0,19
"1671","Clairouin",3,0,1,550,26,613
"1672","Collectif des Garrigues",3,1,2,25,2,28
"1673","corentt",3,1569,2,3066,78,12233
"1674","cscabw",3,0,1,25,0,4
"1675","dahu83",3,135,2,298,82,824
"1676","dapincon",3,1,2,13,0,0
"1677","dergrosse",3,0,1,4,0,10
"1678","dianepb",3,0,1,4,0,0
"1679","DIVINCENZO",3,0,1,4,0,0
"1680","Djmaxou",3,0,1,3,0,38
"1681","Dominique Blanc",3,0,1,16,4,14
"1682","Ecologeek",3,874,3,88,9,83357
"1683","egilli",3,106,2,494,6,286
"1684","eidolies",3,1,2,156,1,25
"1685","elomita",3,0,1,41,0,46
"1686","extua",3,0,1,24,0,15
"1687","familiapicarol",3,0,1,70,0,462
"1688","fduss",3,0,1,4,0,0
"1689","framboise30",3,0,1,5,0,0
"1690","Francisco Valverde",3,0,1,6,0,3
"1691","frans45",3,175,3,27,0,0
"1692","fredbernar",3,0,1,8,0,3
"1693","free_as_a_bird",3,0,1,109,0,79
"1694","freenerd",3,0,1,98,0,22
"1695","freyfogle",3,739,2,5,6,10
"1696","F√ªka",3,0,1,70,0,13
"1697","gagnieray",3,15,3,255,9,53
"1698","Gilbert Aeschelmann import Cadastre",3,263,2,1597,740,325135
"1699","GrandJack",3,21,2,5,1,0
"1700","greecemapper",3,8,3,551,63,194
"1701","grhum59",3,0,1,425,109,118
"1702","GTcollecte",3,94,3,80,2,5
"1703","helene777",3,0,1,15,0,2
"1704","henri57",3,1167,3,20,5,144
"1705","Hermann001",3,0,1,425,6,135
"1706","Higonnet",3,1286,3,51,4,65
"1707","HWguy",3,0,1,71,6,281
"1708","idrissi",3,506,2,115,5,110
"1709","initialLED",3,0,1,56,2,309
"1710","jjccnn",3,0,1,7,9,10
"1711","JochenB",3,0,1,239,65,331
"1712","joli",3,0,1,20,1,50
"1713","Jonathan29",3,0,1,3,0,0
"1714","Jos√© VDC",3,53,2,200,20,1127
"1715","kamarc",3,1125,2,88,5,60
"1716","Kasterborous",3,0,1,179,23,577
"1717","K√©vin Richez",3,0,1,8,0,17
"1718","kfrah",3,0,1,16,55,9
"1719","Kris Anselmo",3,111,3,493,54,438
"1720","Lark585",3,0,1,36,0,9
"1721","lylambda",3,0,1,20,3,11
"1722","Lyntern",3,0,1,25,3,29
"1723","Mairie de Belleville - STAUFFER Nicolas",3,0,1,7,0,3
"1724","Manu Stefan",3,0,1,3,0,0
"1725","MaRa33",3,0,1,20,0,2
"1726","Marc Leman",3,0,1,3,0,3
"1727","Marius Lechat",3,0,1,3,0,4
"1728","Mateusz Konieczny",3,209,2,3372,0,164
"1729","Maxime R√©sibois",3,0,1,248,12,871
"1730","Mediatrotters",3,0,1,8,0,0
"1731","mefioules",3,8,2,35,1,66
"1732","Meos",3,0,1,3,0,5
"1733","Merlin Boissaux",3,0,1,421,127,51
"1734","mkl133",3,0,1,9,0,1
"1735","mpliax",3,0,1,13,0,7
"1736","Nautic",3,97,2,553,1,267
"1737","Nicolas Paris",3,0,1,4,0,2
"1738","NicoRay",3,2,2,33,3,191
"1739","ninanoun",3,1,2,10,0,5
"1740","november3000",3,0,1,8,3,145
"1741","npopravka",3,0,1,3,0,0
"1742","Pan",3,0,1,46,4,1433
"1743","Pascal Lambert",3,0,1,27,0,67
"1744","Patrice_H",3,0,1,50,1,527
"1745","Paul McCormack",3,0,1,5,0,12
"1746","Phapha",3,0,1,9,0,0
"1747","PhilLL",3,79,3,245,138,227
"1748","potetox",3,0,1,22,0,0
"1749","propergol66",3,0,1,3,0,0
"1750","remontees",3,113,2,1342,124,1107
"1751","Reno38",3,22,3,75,79,126
"1752","Ro'Spered",3,0,1,14,1,2
"1753","romanafrankovic",3,0,1,3,0,3
"1754","ROmi 07",3,0,1,3,0,0
"1755","seb73k",3,1102,2,61,6,131
"1756","sigmun84",3,0,1,157,29,79
"1757","Sigo",3,1233,3,17969,1731,87421
"1758","Silverspur",3,0,1,6,0,12
"1759","skbo",3,0,1,63,0,16
"1760","soemisch",3,17,3,745,22,154
"1761","sondre1868",3,0,1,3,0,6
"1762","Spicalioth",3,6,3,66,0,5
"1763","stbg",3,0,1,3,1,28
"1764","stefan3000",3,0,1,21,0,2
"1765","St√©phane BASSET",3,1,2,8,0,13
"1766","St√©phanieB",3,0,1,4,0,0
"1767","SV-12100",3,0,1,98,5,58
"1768","themiurgo",3,0,1,9,0,8
"1769","ThibaultPelloquin",3,0,1,76,0,394
"1770","thieri",3,0,1,4,0,0
"1771","ThierryB04",3,0,1,37,547,5
"1772","tjoliveau",3,0,1,5,0,0
"1773","travelling_salesman",3,0,1,47,0,74
"1774","Trekin",3,0,1,8,0,3
"1775","Un Jusserand",3,69,2,4,0,1
"1776","Valerian91",3,0,1,3,0,0
"1777","valkebets",3,0,1,5,0,5
"1778","vinc44",3,346,3,736,505,5473
"1779","vitretuvalu",3,1,2,138,2,278
"1780","vmeurisse",3,224,2,1087,184,48219
"1781","wwwcdorg",3,0,1,10,0,2
"1782","yannmartinel",3,0,1,3,0,7
"1783","yannpereon",3,0,1,3,0,2
"1784","YogOSM",3,0,1,46,25,37
"1785","zuphilip",3,0,1,36,0,17
"1786","_1110",2,0,1,55,8,471
"1787","1piedsurTerre",2,0,1,577,25,15616
"1788","5bird",2,0,1,358,10,221
"1789","a3nm",2,0,1,613,393,193
"1790","Adava-Anthony",2,186,2,235,129,45
"1791","adjuva",2,411,2,984,268,788
"1792","alain ISARD",2,1,2,59,3,1012
"1793","Alain Marbach",2,0,1,2,0,0
"1794","Aleks-Berlin",2,200,2,236,18,463
"1795","Alexir93",2,0,1,11,0,39
"1796","Am√©lied",2,0,1,7,0,106
"1797","Andreja Geiger",2,0,1,2,0,4
"1798","ansuta",2,0,1,97,6,421
"1799","Anthoe13",2,0,1,15,0,6
"1800","Antoine De Larue",2,0,1,6,0,0
"1801","anzizOSM",2,0,1,3,0,3
"1802","Argall",2,0,1,31,0,0
"1803","AtomMapper",2,0,1,13,0,9
"1804","Aznhar",2,0,1,2,0,5
"1805","azsdrt",2,0,1,16,3,53
"1806","baal_map",2,0,1,52,24,10
"1807","balexandre",2,9,2,86,2,3418
"1808","benardt",2,29,2,83,4,133
"1809","benhue",2,0,1,18,1,220
"1810","Benjamin Lef√®vre",2,38,2,3513,121,29199
"1811","bernard90300",2,124,2,34,4,17
"1812","Besnard",2,0,1,3,0,2
"1813","Bonya_23",2,0,1,2,0,2
"1814","bosboer",2,0,1,9,3,11
"1815","Britaliope",2,1,2,144,103,68
"1816","busdriver01",2,0,1,3,3,2
"1817","Camille Nietzsche",2,11,2,114,27,102
"1818","Caroline Green",2,0,1,2,0,2
"1819","cartophyl",2,0,1,9,1,8
"1820","CaSa",2,0,1,14,0,4
"1821","cedricl",2,2721,2,230,14,84
"1822","Chetan_Gowda",2,0,1,10,5,36
"1823","Chicken3gg",2,0,1,3,0,1
"1824","chris0385",2,1,2,43,0,187
"1825","Chriss Jeschke",2,0,1,4,103,1
"1826","Classe14MB",2,0,1,18,0,5
"1827","clembeb",2,60,2,130,0,82
"1828","CoyoteCrafty",2,0,1,2,0,7
"1829","DameGizzi",2,0,1,4,0,3
"1830","Damien Gingreau",2,38,2,30,3,29
"1831","danjin",2,0,1,4,0,17
"1832","danny__kay",2,16,2,21,3,49
"1833","dforsi",2,198,2,20,1,26
"1834","didda27",2,0,1,5,0,4
"1835","dmadrisan",2,0,1,9,1,6
"1836","DomBon",2,25,2,144,58,273
"1837","e2i-ESGT-g1",2,0,1,24,0,17
"1838","EcolieuJeanot",2,0,1,2,0,4
"1839","emmanuelleFA",2,0,1,29,1,714
"1840","Emmece",2,213,2,25,1,128
"1841","Ergo Test GUI",2,0,1,2,0,0
"1842","Eric S",2,0,1,3397,2853,1475
"1843","Facemusster",2,0,1,2,0,4
"1844","fandji",2,38,2,1237,0,1518
"1845","fganz",2,0,1,63,5,7
"1846","FILY",2,0,1,59,0,31
"1847","Florent_A",2,1,2,81,4,236
"1848","FLOSTRUMMER",2,0,1,8,0,12
"1849","Francois Audirac",2,0,1,103,113,5549
"1850","freethemap12",2,0,1,5,0,14
"1851","Gabanad",2,70,2,174,108,50
"1852","GabrielV",2,484,2,282,4,292
"1853","Ganesh61",2,13,2,2130,76,30704
"1854","garikjanzara",2,3,2,2,0,0
"1855","Gaspard Le Gall",2,0,1,69,6,29
"1856","gentooboontoo",2,0,1,24,0,3
"1857","GeoBoris",2,210,2,469,6,1265
"1858","ghis04",2,7,2,237,7,92
"1859","GILHODES",2,0,1,2,0,1
"1860","gpermant",2,0,1,193,11,26
"1861","guenz",2,0,1,28,2,416
"1862","Gullich",2,0,1,3,1,59
"1863","Harald Komposch",2,0,1,13,12,128
"1864","Hedaja",2,719,2,279,8,551
"1865","HerrT",2,0,1,8,0,10
"1866","Herve5",2,1121,2,75,37,22
"1867","Id√©fix:)",2,0,1,11,0,4
"1868","imxgo",2,1,2,605,73,1541
"1869","indeko",2,0,1,11,0,33
"1870","jaamkaal",2,0,1,19,0,0
"1871","jcadart",2,0,1,17,1,159
"1872","Jean-Marc Gailis",2,0,1,89,0,30
"1873","Jeremie Lutz",2,0,1,4,0,0
"1874","Jerome37",2,0,1,2,0,19
"1875","jetztmib",2,0,1,180,57,89
"1876","jmdesp",2,0,1,15,1,0
"1877","jo2929",2,0,1,20669,1540,11960
"1878","joel MFR",2,1,2,61,6,350
"1879","JP Guido",2,0,1,95,3,25
"1880","Julien JPK",2,0,1,143,0,8
"1881","jvmbravo",2,0,1,3,0,0
"1882","khris78",2,327,2,1159,3,1441
"1883","labod√©",2,0,1,6,0,16
"1884","Laumap",2,0,1,14,1,56
"1885","Laurent Pirotte",2,0,1,12,0,71
"1886","Laurent46200",2,0,1,226,3,172
"1887","LevAnthony",2,406,2,416,69,717
"1888","Lionel ROTA",2,191,2,667,40,3123
"1889","llemfd732",2,0,1,543,1,966
"1890","Lo√Øc Maing",2,0,1,70,16,166
"1891","lool_lauris",2,0,1,2,0,0
"1892","louravigavato",2,0,1,4,0,5
"1893","ltougne",2,0,1,2,0,0
"1894","ma~",2,595,2,24,25,72
"1895","Ma√Ø H",2,0,1,5,0,4
"1896","Marco_45",2,0,1,169,4,504
"1897","Marsu",2,0,1,35,0,23
"1898","Mathieu - FFMC90",2,1,2,67,0,3
"1899","matmatlematou",2,85,2,1153,626,15942
"1900","Matt bar",2,0,1,13,0,1
"1901","MatthieuS",2,0,1,15,0,9
"1902","MaylisDBDS",2,0,1,2,0,3
"1903","MC ANDRE",2,0,1,7,0,3
"1904","Mithangers",2,0,1,146,0,384
"1905","mobik6",2,0,1,3,0,0
"1906","moltes74",2,303,2,4,0,19
"1907","MosKartograf",2,0,1,13,7,64
"1908","MVekony",2,0,1,17,1,27
"1909","N47H4L!3",2,0,1,24,0,15
"1910","Naphi",2,980,2,359,122,539
"1911","Nicolas Chavent",2,752,2,3,0,0
"1912","NicolasMique",2,283,2,150,19,309
"1913","nicor73",2,740,2,327,22,94
"1914","nrabe",2,0,1,2,0,0
"1915","o-TO",2,7,2,22,0,121
"1916","Old-hiker",2,1,2,107,28,3155
"1917","olivbd",2,0,1,40,0,173
"1918","olvagor",2,0,1,23,0,114
"1919","openmarcel",2,0,1,18,0,39
"1920","opotard",2,0,1,2,0,55
"1921","OriCo",2,0,1,11,0,1
"1922","orklah",2,0,1,4746,41,415
"1923","oscarrazu",2,0,1,25,0,3335
"1924","palimpadum",2,640,2,245,91,312
"1925","paul seite",2,0,1,26,0,3
"1926","peter_osm",2,0,1,25,56,387
"1927","Peyooo",2,0,1,9,0,4
"1928","pg66osm",2,0,1,177,53,94
"1929","Pieuchni",2,0,1,178,0,191
"1930","piotrS",2,0,1,5,0,2
"1931","R0bst3r",2,413,2,138,6,74
"1932","Radu Mihnea",2,0,1,45,0,7
"1933","ramonz",2,0,1,57,1,10
"1934","Raoul Ferey",2,0,1,11,3,22
"1935","RaphB",2,0,1,6,0,23
"1936","raymond chanelliere",2,0,1,11,0,5
"1937","rdelassus",2,181,2,2,0,0
"1938","robert_formation",2,0,1,7,2,1
"1939","Ronan BD",2,0,1,5,0,21
"1940","rudolfdermapper",2,16,2,313,1,45
"1941","sabrina10",2,0,1,2,0,0
"1942","SANDMATH",2,0,1,2,0,0
"1943","SariSari",2,0,1,112,15,13
"1944","S√©bastien Donato",2,0,1,7,0,36
"1945","Seko√Ø",2,0,1,5,0,0
"1946","Sergemang",2,0,1,4,0,2
"1947","Serpico",2,0,1,250,69,122
"1948","sgeorge",2,0,1,2,0,2
"1949","sillon",2,0,1,389,33,219
"1950","Skyman",2,0,1,9,0,47
"1951","spacebutcher",2,0,1,2,0,46
"1952","SpoonyM",2,108,2,369,27,136
"1953","stef06",2,0,1,28,0,17
"1954","storta",2,0,1,4,0,17
"1955","swift11",2,12,2,30,6,84
"1956","sylvainleclerc",2,0,1,11,0,11
"1957","taharepa",2,0,1,2,0,0
"1958","teasu",2,345,2,99,18,107
"1959","thbz",2,433,2,2085,12,304
"1960","thito",2,0,1,4,0,0
"1961","thonolan06",2,0,1,4,0,0
"1962","Tigre-Bleu",2,60,2,435,37,9293
"1963","Timoth√©e Goguely",2,0,1,18,0,1
"1964","titom7676",2,0,1,14,0,12
"1965","tom2626",2,0,1,3,0,1
"1966","Tonny33",2,0,1,15,0,93
"1967","tostaky56",2,0,1,20,0,23
"1968","touraille",2,0,1,2,0,1
"1969","Veomap",2,0,1,5,0,5
"1970","Vincnet41",2,1335,2,135,38,470
"1971","vinz1789",2,19,2,295,0,146
"1972","Vlad",2,0,1,3007,953,104098
"1973","Wawan74",2,0,1,26,1,14
"1974","Willem1",2,0,1,12,1,308
"1975","Xav",2,0,1,308,6,4212
"1976","XM-Franz",2,0,1,2,0,4
"1977","Yann Dubois",2,0,1,6,0,1
"1978","YohanRamos",2,132,2,8,0,20
"1979","yvano√©",2,1,2,461,8,522
"1980","z_i_g_o",2,0,1,3,0,7
"1981","zlorg",2,0,1,3,0,33
"1982","_NG_",1,0,1,92,2,2
"1983","_Victor_",1,0,1,13,0,1
"1984","-ad-",1,0,1,76,6,262
"1985","10an00",1,0,1,19,17,75
"1986","16pide",1,0,1,4,0,2
"1987","24nus",1,0,1,24,1,4
"1988","abahli",1,0,1,9,2,59
"1989","Abasusa",1,0,1,13727,164,21253
"1990","Abiga√´lle",1,0,1,1,0,0
"1991","Ad_le_cantalou",1,0,1,36,5,4
"1992","Adava - Anthony",1,0,1,49,17,3
"1993","Adrian 2",1,0,1,854,532,770
"1994","Adrien G",1,0,1,3135,709,3894
"1995","agab29",1,0,1,373,66,374778
"1996","Agenda21 Watten",1,0,1,21,2,7
"1997","Agn√®s S",1,0,1,1,0,1
"1998","Ainitak",1,0,1,63,1,291
"1999","akaragiannis",1,0,1,1,0,0
"2000","Akuma06",1,0,1,4,0,5
"2001","AlbertoPinho",1,0,1,1,0,0
"2002","Albin Gasparetto",1,0,1,28,16,164
"2003","alcidejet",1,0,1,4,0,1
"2004","Ale_Zena_IT",1,0,1,637,4,205
"2005","Alex17350J",1,0,1,2,4,12
"2006","Alex69960",1,0,1,1,0,0
"2007","Alexandre Chabran",1,0,1,230,12,594
"2008","Alexis Subias",1,0,1,5,0,0
"2009","Alexltp",1,0,1,1,0,1
"2010","Alexousou",1,0,1,1,0,1
"2011","Alice Boucher",1,0,1,1,0,0
"2012","Alisha12",1,0,1,1,0,2
"2013","Alison24",1,0,1,25,0,45
"2014","altamyr",1,0,1,3,0,11
"2015","Alyptica",1,0,1,49,0,46403
"2016","amandine-s",1,0,1,42,0,7
"2017","Ambassadeur tri selectif",1,0,1,6,0,3
"2018","amfo",1,0,1,2,0,3
"2019","Anaguiros",1,0,1,25,0,47
"2020","anamure",1,0,1,5,0,0
"2021","andr√© Labat",1,0,1,23,0,1
"2022","Andreeeee",1,0,1,2,0,2
"2023","andygol",1,0,1,31,31,104
"2024","Anne-Line T&C",1,0,1,6,0,3
"2025","antoine hfr lbc",1,0,1,1,0,3
"2026","APDA33-5",1,0,1,13,0,10
"2027","apollinaire",1,0,1,15091,8,22173
"2028","Archibald Auxiliaire",1,0,1,119,2,4808
"2029","Aristoi",1,0,1,262,40,270
"2030","Arnaud82fr",1,0,1,155,42,3213
"2031","Arpitan",1,0,1,12,0,6
"2032","Art Penteur",1,0,1,2082,582,4766
"2033","ArthurC",1,0,1,53,1,8198
"2034","arttle",1,0,1,114,4,4
"2035","asa800",1,0,1,6,0,2
"2036","asdffdsa111",1,0,1,9,0,10
"2037","aseerel4c26",1,0,1,8,0,17
"2038","atchoum56",1,0,1,9,0,9
"2039","attik",1,0,1,5,0,0
"2040","Aufr√§umer",1,0,1,87,31,913
"2041","Auliat-Stroumpf",1,0,1,2,0,4
"2042","Aur√©lie ",1,0,1,139,8,1534
"2043","Aymeric P",1,0,1,68,0,8
"2044","babab50",1,0,1,11,0,0
"2045","baleineaux",1,0,1,3756,673,9555
"2046","baprischka",1,0,1,535,10,317
"2047","Barmanoo",1,0,1,4,1,19
"2048","batiments",1,0,1,2,0,0
"2049","bb09",1,0,1,454,0,0
"2050","B√©arnaise",1,0,1,88,2,43
"2051","ben51084",1,0,1,1,0,0
"2052","BENJ79",1,0,1,68,2,13
"2053","Benmotov√©lo",1,0,1,35,1,63
"2054","Bernard VALTON",1,0,1,52,0,159
"2055","Bernd Lohrum",1,0,1,15,4,73
"2056","Bernie454",1,0,1,75,0,19
"2057","Betty02",1,0,1,8,1,1
"2058","bigaut",1,0,1,1,0,0
"2059","bilbo129",1,0,1,1,0,25
"2060","Bjetzer",1,0,1,1,0,0
"2061","blno",1,0,1,163,16,251
"2062","Bonbadil",1,0,1,713,172,614
"2063","Bonzoir",1,0,1,21,0,8
"2064","Border-Collie",1,0,1,9,0,18
"2065","bouchra_boubou",1,0,1,1,0,2
"2066","Bragalou",1,0,1,3,1,2
"2067","BrBr",1,0,1,357,42,489
"2068","Brice Maussang",1,0,1,7,1,2
"2069","Brichton",1,0,1,5,1,17
"2070","brigitte gregoire",1,0,1,18,0,196
"2071","bubix",1,0,1,24,0,11
"2072","Bunny-Le-Lub",1,0,1,56,15,229
"2073","Burol",1,0,1,14,1,1
"2074","caci_",1,0,1,215,0,16
"2075","Cahuet86",1,0,1,2,0,2
"2076","calfarome",1,0,1,20,213,15
"2077","Calis",1,0,1,2,0,1
"2078","CaluPeaceMaker",1,0,1,19,0,1
"2079","Camille_D",1,0,1,16,0,4
"2080","Captain47",1,0,1,18510,1687,53657
"2081","CapValentin",1,0,1,1,0,2
"2082","carrotblasphemy",1,0,1,1,0,44
"2083","cartoclapiers",1,0,1,52,0,10
"2084","CartoDan",1,0,1,105,6,246
"2085","catrin r",1,0,1,31,6,0
"2086","CAZIER",1,0,1,7,0,0
"2087","cdavila",1,0,1,567,79,258
"2088","Cebderby",1,0,1,70,116,44
"2089","C√©dric Houssier",1,0,1,1,0,2
"2090","C√©dric KN Ni√®vre",1,0,1,238,4,542
"2091","cephide",1,0,1,17,2,49
"2092","cgau",1,0,1,1,0,2
"2093","cgu66",1,0,1,37,0,38
"2094","Chouchen22",1,0,1,46,1,55
"2095","Chouloute",1,0,1,336,15,45270
"2096","chris boucher",1,0,1,5,1,16
"2097","Chris Clemson",1,0,1,239,4,170
"2098","chris38",1,0,1,1753,7,550
"2099","Christian Karri√©",1,0,1,3,0,4
"2100","Christine_E",1,0,1,1,3,0
"2101","Christophe Gruwier",1,0,1,1,0,41
"2102","CHRISTOPHE JOUATEL",1,0,1,3,0,5
"2103","Christophe55",1,0,1,3,7,337
"2104","christopherepflwillcocks",1,0,1,1,0,0
"2105","christophmerz",1,0,1,1,0,10
"2106","Christouf0676",1,0,1,744,62,268
"2107","cichlid",1,0,1,90,2,180
"2108","cjpc95",1,0,1,124,29,1404
"2109","Claire D'ARCO",1,0,1,1,0,0
"2110","claire m",1,0,1,1,0,1
"2111","Cl√©ment OLALAINTY",1,0,1,32,0,3
"2112","clement35",1,0,1,11,6,27
"2113","clicgauche",1,0,1,119,2,141
"2114","cm68410",1,0,1,1096,7,965
"2115","cmvs",1,0,1,161,8,401
"2116","CNico",1,0,1,1,0,1
"2117","CoasterStudios",1,0,1,15,0,13
"2118","coco33",1,0,1,444,50,6436
"2119","CocoEnBuisson",1,0,1,318,82,4365
"2120","collegeSME2",1,0,1,16,0,17
"2121","cookiejar",1,0,1,16,0,1
"2122","Coralie le bian",1,0,1,81,3,93
"2123","Corneel Van der Cruyssen",1,0,1,2,0,37
"2124","Corneto",1,0,1,398,9,228
"2125","CycleStreets",1,0,1,3,0,2
"2126","Cz ja",1,0,1,1,0,20
"2127","dadavidov",1,0,1,51,11,3
"2128","Dadtran",1,0,1,8,0,0
"2129","Daffy73",1,0,1,1,0,2
"2130","daModdin",1,0,1,1,0,0
"2131","Daniele_G",1,0,1,4,0,7
"2132","Data Respublica",1,0,1,5,0,8
"2133","daugetmerlin",1,0,1,3,0,0
"2134","davedavedave",1,0,1,86,75,386
"2135","David Lacroix",1,0,1,11,0,15
"2136","david1824",1,0,1,9,0,1
"2137","David9999",1,0,1,1,0,0
"2138","daviddelon",1,0,1,128,10,3595
"2139","Dd-90",1,0,1,5,15,18
"2140","de LABRUSSE Olivier",1,0,1,11,0,23
"2141","Deadloks",1,0,1,3,0,0
"2142","debimax",1,0,1,3,0,5
"2143","Delecolo",1,0,1,4,0,4
"2144","DelGrafo",1,0,1,445,2,251
"2145","Denis des Clayes",1,0,1,37,12,297
"2146","Denis Montange",1,0,1,3,0,4
"2147","D√©partement44_DI",1,0,1,15,275,2
"2148","detbar",1,0,1,133,0,40
"2149","Digitalyse - Webmarketing",1,0,1,1,0,1
"2150","Digowan",1,0,1,1,0,0
"2151","DimitriMar",1,0,1,6,13,4
"2152","djailledie",1,0,1,3,0,2
"2153","DjiBee",1,0,1,23,4,2
"2154","Djoule42",1,0,1,44,12,121
"2155","dkunce",1,0,1,1,0,4
"2156","DLichti",1,0,1,385,250,205
"2157","dmassiot",1,0,1,247,516,29
"2158","dmlu",1,0,1,768,94,4661
"2159","Doc_Four",1,0,1,11,0,6
"2160","DoDoMR",1,0,1,9,0,3
"2161","DOLPat",1,0,1,338,61,60
"2162","Domival",1,0,1,4,0,2
"2163","Donald2001",1,0,1,2,9,3
"2164","doudal",1,0,1,4,0,23
"2165","DR01330",1,0,1,1,0,2
"2166","drefa",1,0,1,3,0,0
"2167","Dreytte",1,0,1,4,0,6
"2168","drijvis2",1,0,1,3,0,24
"2169","Earil",1,0,1,22,22,22
"2170","Ecololoco",1,0,1,2,3,0
"2171","Edge56",1,0,1,49,13,4
"2172","Eikichi",1,0,1,3,0,0
"2173","EinEngener",1,0,1,260,5,132
"2174","einshochdrei",1,0,1,13,0,21
"2175","El Tonio",1,0,1,1,0,0
"2176","EliziR",1,0,1,573,169,2999
"2177","Elsalac",1,0,1,1,0,1
"2178","emilie51",1,0,1,7,0,8
"2179","emmanuelalex",1,0,1,358,7,69
"2180","emvee",1,0,1,35,9,3919
"2181","EnterChallenger",1,0,1,33,4,22
"2182","eo44",1,0,1,937,0,3
"2183","Er Ho",1,0,1,27,0,8
"2184","Er√†n√†√´",1,0,1,477,82,174
"2185","Eric Latarche",1,0,1,4,0,8
"2186","erichiseli",1,0,1,3,0,2
"2187","erlanic",1,0,1,92,8,11
"2188","ernestito",1,0,1,8,0,0
"2189","escaravailles",1,0,1,1,0,0
"2190","EtienneChoveBot",1,0,1,5187,1002,23925
"2191","Etincelle57",1,0,1,5,0,0
"2192","EtoileDuTigre",1,0,1,1,0,1
"2193","Fabrice R√©gnier",1,0,1,39,0,3
"2194","FABRICE972",1,0,1,1,0,581
"2195","FabriceLalinea",1,0,1,1,0,3
"2196","FAnheuser",1,0,1,42,0,17
"2197","FBA42",1,0,1,32,0,6
"2198","Felix Zollinger",1,0,1,2,0,15
"2199","ffwill",1,0,1,50,16,54
"2200","Flo63000",1,0,1,6,105,55
"2201","floch30",1,0,1,30,0,1
"2202","floflo1033",1,0,1,380,209,143
"2203","Floflow",1,0,1,313,0,121
"2204","Florent972",1,0,1,2167,2000,300
"2205","floscher",1,0,1,66,66,77
"2206","FMB",1,0,1,124,2,23
"2207","Fod",1,0,1,22,3,13
"2208","fox62",1,0,1,33,2,32
"2209","Francis Sohier",1,0,1,24,0,0
"2210","frankthetankk",1,0,1,1,0,0
"2211","Fransuisse",1,0,1,14,0,23
"2212","fraydh29",1,0,1,1062,258,1186
"2213","fredbelin",1,0,1,4,0,2
"2214","fredecrillon",1,0,1,2,0,0
"2215","fredjunod",1,0,1,40,3,405
"2216","Freezed",1,0,1,91,27,140
"2217","frouil",1,0,1,4,0,4
"2218","funflash",1,0,1,13,5,18
"2219","fxpa",1,0,1,2,0,4
"2220","g35",1,0,1,11,2,51
"2221","Gaelle Giffard",1,0,1,2,0,1
"2222","GarenKreiz",1,0,1,132,11,256
"2223","Gaurozauron",1,0,1,3,0,3
"2224","gauzila",1,0,1,1,0,2
"2225","GCN",1,0,1,297,40,3995
"2226","Ged F",1,0,1,2,0,0
"2227","Gege089",1,0,1,2,0,0
"2228","Geocabs",1,0,1,16,8,11
"2229","Geomage",1,0,1,1,0,0
"2230","Georges62",1,0,1,36,12,56
"2231","GERALD DELARUE",1,0,1,26,4,476
"2232","G√©rard TINDILLIERE",1,0,1,1,0,18
"2233","GerdP",1,0,1,336,26,366
"2234","Gisa Iheid",1,0,1,3,0,3
"2235","GLouise",1,0,1,9,0,0
"2236","gnoomnet",1,0,1,13,2,12
"2237","Gnuyo",1,0,1,261,46,10443
"2238","GobbaF",1,0,1,5,1,3820
"2239","gounnite",1,0,1,97,0,113
"2240","Gouzy",1,0,1,173,425,153
"2241","Greta Ducasse",1,0,1,15,0,1
"2242","Grondin",1,0,1,1040,68,5201
"2243","GRUBERND",1,0,1,15,0,6
"2244","gsperb",1,0,1,19,1,280
"2245","Guillaume B√âNIT",1,0,1,22,4,16
"2246","Guillaume CHILLOUX",1,0,1,3,0,8
"2247","Guillaume QUERE",1,0,1,6,0,0
"2248","gwengsm",1,0,1,1,0,0
"2249","h_i_",1,0,1,52,2,23
"2250","hanscardoen",1,0,1,2,0,0
"2251","hanstrapp_",1,0,1,101,40,1413
"2252","Hartz Beltza",1,0,1,231,88,164
"2253","hassan",1,0,1,3,0,0
"2254","Havok Novak",1,0,1,5,0,3
"2255","hcourtois",1,0,1,6,0,5
"2256","Heelodel",1,0,1,4,9,4
"2257","HeinerSchaefer",1,0,1,2566,44,317
"2258","Hele",1,0,1,174,9,36
"2259","henrysecond",1,0,1,7,5,50
"2260","HGSandhagen",1,0,1,5,0,39
"2261","highflyer74",1,0,1,69,2,61
"2262","HoloDuke",1,0,1,894,21,297
"2263","howardw",1,0,1,113,17,119
"2264","htctest",1,0,1,1,0,0
"2265","Huaka",1,0,1,41,23,49
"2266","huohw%5pqefhewq[ojmfq]w",1,0,1,1279,133,1765
"2267","igel44",1,0,1,15,1,221
"2268","Inesol",1,0,1,1,0,1
"2269","IoanAp",1,0,1,554,22,400
"2270","ionosphere_ekylibre",1,0,1,3,0,21
"2271","Jacky-67",1,0,1,146,1,1075
"2272","Jacques Foucry",1,0,1,67,20,3
"2273","jagaia",1,0,1,1,0,4
"2274","jaki9",1,0,1,1,0,0
"2275","Jardinier13",1,0,1,4,1,162
"2276","Jazzzz",1,0,1,22,0,1866
"2277","jb-bruno",1,0,1,22,0,0
"2278","JB-hot",1,0,1,88,0,44
"2279","jbbvb",1,0,1,21,70,1
"2280","jclevenne",1,0,1,13,0,1011
"2281","jcphal",1,0,1,10697,530,50854
"2282","jdbonjour",1,0,1,2,0,4
"2283","Jean-Fran√ßois Jestin",1,0,1,331,1,133
"2284","Jean-L√©andre",1,0,1,1,1,196
"2285","Jean-No√´l P√©deutour",1,0,1,12,3,47
"2286","jeffou2A",1,0,1,12,0,1
"2287","jeremy13700",1,0,1,2,0,58
"2288","jeroenrozema74",1,0,1,289,10,266
"2289","Jerome Bernardes",1,0,1,16,1,44
"2290","Jerome____",1,0,1,255,79,174
"2291","Jese40",1,0,1,15,0,9
"2292","JFA69",1,0,1,1,0,0
"2293","JFKimports",1,0,1,561,203,576289
"2294","JG03",1,0,1,6,76,126
"2295","Jimmy ‚ÄúThe-Jim-30‚Äù V√©lo",1,0,1,1,0,0
"2296","Jipo",1,0,1,249,21,110
"2297","jluc95240",1,0,1,954,314,494
"2298","JM-BREYSSE",1,0,1,2,0,4
"2299","Jmerice",1,0,1,1,0,0
"2300","JMi",1,0,1,10,0,15
"2301","Jnzero",1,0,1,89,6,111
"2302","Jocelyn Delalande",1,0,1,125,26,94
"2303","joe_d5",1,0,1,54,2,13
"2304","Jo√´l Bremond",1,0,1,4,0,8
"2305","Johanni08",1,0,1,1,0,16
"2306","Johnny Carlsen",1,0,1,1,0,1
"2307","johsin18-import-geodaten-basel-stadt",1,0,1,7065,54,3163
"2308","jojo313",1,0,1,25,3,47
"2309","Jojo4u",1,0,1,128,97,41
"2310","jojolebestof",1,0,1,182,212,708
"2311","jonasoesch",1,0,1,2,0,0
"2312","joost schouppe",1,0,1,171,26,155
"2313","Joram",1,0,1,10,1,10
"2314","J√∂rg Starke",1,0,1,2,0,12
"2315","Jos_S",1,0,1,261,0,12
"2316","Jossth",1,0,1,19,0,15
"2317","JP CASSOU",1,0,1,201,32,1375
"2318","jpegaze",1,0,1,117,15,3816
"2319","jpgon",1,0,1,4,0,9
"2320","jr20257",1,0,1,13,5,150
"2321","ju2392",1,0,1,5,0,14
"2322","Ju45230",1,0,1,76,2,106
"2323","Juanif",1,0,1,8,0,2
"2324","juhanjuku",1,0,1,8,2,5
"2325","juju740",1,0,1,1,0,0
"2326","jukes",1,0,1,11,2,9
"2327","Julie Pic",1,0,1,15,0,14
"2328","Julien Pilette",1,0,1,50,0,69
"2329","JulienV",1,0,1,41,2,85
"2330","julizrk",1,0,1,38,0,26
"2331","julm",1,0,1,4,0,314
"2332","Juluan",1,0,1,3,0,48
"2333","justOsm",1,0,1,29,0,7
"2334","JY56890",1,0,1,331,35,1673
"2335","JYLC",1,0,1,1,1,0
"2336","kamo_negitoro",1,0,1,25,1,1
"2337","Karlograf",1,0,1,367,21,360
"2338","kartler175",1,0,1,158,0,69
"2339","Kasshyss",1,0,1,2,0,1
"2340","KeinePanik",1,0,1,7,178,21
"2341","kelian8",1,0,1,63,2,232
"2342","Kevin Foisnet",1,0,1,32,2,85
"2343","Khalil_J",1,0,1,809,1,39
"2344","Kilimandjaro",1,0,1,2,0,3
"2345","kippik999",1,0,1,11,0,1
"2346","kopacabana",1,0,1,54,132,2567
"2347","Krapauflingueur",1,0,1,5,0,0
"2348","kroutchev",1,0,1,34,17,269
"2349","Krysztzof",1,0,1,101,3,138
"2350","kto",1,0,1,16,0,22
"2351","Kuddl Klien",1,0,1,22,1,7
"2352","kuede",1,0,1,533,45,9737
"2353","Kvardek du",1,0,1,122,25,34
"2354","landfahrer",1,0,1,39,44,8730
"2355","lanxana",1,0,1,41,8,132
"2356","laoban",1,0,1,75,0,5
"2357","Larsene",1,0,1,1,1,1
"2358","laubwolf",1,0,1,6,0,2
"2359","Laura Rivas",1,0,1,1,0,0
"2360","lauraine",1,0,1,1,0,9
"2361","Laure Lamour",1,0,1,3,0,4
"2362","Ldm Public",1,0,1,14,0,5
"2363","Le Bouchet",1,0,1,18,5,417
"2364","L√©a33",1,0,1,1,0,1
"2365","Leaucean",1,0,1,8,0,8
"2366","Legnac",1,0,1,791,181,552
"2367","Leinad1996",1,0,1,22,2,33
"2368","Les petits d√©brouillards Grand Ouest",1,0,1,3,0,1
"2369","leto_02",1,0,1,2,2,208
"2370","Lidane",1,0,1,2,3,0
"2371","Lingiber",1,0,1,4,0,0
"2372","littlecharly",1,0,1,26,19,17816
"2373","Liz KOS",1,0,1,87,4,0
"2374","lo275",1,0,1,56,0,26
"2375","Locomotrice",1,0,1,5,0,8
"2376","lo√©",1,0,1,26,1,1
"2377","Lola de Paris",1,0,1,4,0,3
"2378","loled",1,0,1,27,0,15
"2379","lompre",1,0,1,4,0,0
"2380","lorenzoguidotti",1,0,1,26,13,266
"2381","lothy",1,0,1,45,0,11
"2382","Louis-Paul",1,0,1,792,128,3757
"2383","Louise Ravion",1,0,1,24,0,0
"2384","ltdm",1,0,1,12,0,10
"2385","Luc de Murard",1,0,1,4,0,0
"2386","lucadidomenico",1,0,1,1,0,0
"2387","Ludovic Leray",1,0,1,3,0,6
"2388","Luke_ae",1,0,1,12,0,14
"2389","lyjojo",1,0,1,1,0,0
"2390","M1r077",1,0,1,7,0,0
"2391","M47759",1,0,1,2,0,1
"2392","MacDony",1,0,1,29864,9245,333
"2393","MadininaD",1,0,1,52,0,11
"2394","maeverey",1,0,1,13,0,3
"2395","mahau",1,0,1,1609,10,391
"2396","makio-blois",1,0,1,48,50,16
"2397","Mammi71",1,0,1,65,92,8
"2398","Manon F",1,0,1,6,0,0
"2399","Map'Man",1,0,1,77,0,20
"2400","Marc Vayer",1,0,1,18,0,6
"2401","Marc_ch",1,0,1,177,25,47
"2402","Marcos Dione",1,0,1,287,32,101
"2403","margin-auto",1,0,1,362,747,33
"2404","Martj9",1,0,1,1404,80,3099
"2405","maruku67",1,0,1,24,24,67
"2406","mat5352",1,0,1,36,2,219
"2407","Matheo Bekiri",1,0,1,77,8,25
"2408","Mathias06",1,0,1,32,4,56
"2409","Mathieu 37",1,0,1,13,2,9
"2410","matt_twam_asi",1,0,1,19,0,15
"2411","maxenceperon",1,0,1,2,0,2
"2412","maxicar",1,0,1,1,0,9
"2413","Maximethemaper",1,0,1,34,0,26
"2414","Maximilien76",1,0,1,175,135,329
"2415","MaxMad",1,0,1,6,0,22
"2416","Mazarie29",1,0,1,54,0,82
"2417","Mazuritz",1,0,1,22,1,8
"2418","MDiziere",1,0,1,1,0,0
"2419","Mech",1,0,1,4,0,3
"2420","Mehdi_44",1,0,1,384,1,11328
"2421","melous marie-france",1,0,1,3,0,0
"2422","mentor",1,0,1,6,0,9
"2423","metalgamer",1,0,1,70,9,329
"2424","Mgilles",1,0,1,5,0,25
"2425","miarnaud",1,0,1,110,25,225
"2426","Michael AOCD",1,0,1,237,54,9
"2427","Michelwald",1,0,1,689,4,80441
"2428","mikebond",1,0,1,263,0,21
"2429","Milo26",1,0,1,5,0,1
"2430","misht",1,0,1,51,52,82
"2431","MixamNDC",1,0,1,6,1,7
"2432","mofenu",1,0,1,2,0,0
"2433","molivier",1,0,1,52,11,127
"2434","mongoltweets",1,0,1,15,0,8
"2435","Moon25",1,0,1,1,0,1
"2436","moritzwilliam",1,0,1,19,2,2229
"2437","Mostagaga",1,0,1,13,3,16
"2438","MrCruiser",1,0,1,20,3,39
"2439","msuch0012",1,0,1,3,0,0
"2440","Multipass",1,0,1,3,0,2
"2441","mvmr",1,0,1,3,0,1
"2442","NadalL",1,0,1,32,0,40
"2443","NAF27",1,0,1,30,0,2
"2444","narcense",1,0,1,1,0,38
"2445","nasiVT",1,0,1,9,16,11
"2446","Neigara",1,0,1,12,3,7
"2447","Nemesys76",1,0,1,331,36,255
"2448","niamor2",1,0,1,8,1,106
"2449","Nicco1966",1,0,1,11,0,17
"2450","Nico_42390",1,0,1,266,149,50
"2451","NicolasClv",1,0,1,5,0,6
"2452","nimbus3d",1,0,1,63,1,45
"2453","Nix46",1,0,1,151,13,123
"2454","njda78",1,0,1,17,0,28
"2455","Nomadmapper",1,0,1,24,1,42
"2456","Nono7139",1,0,1,227,21,98
"2457","NVRB",1,0,1,12,15,22
"2458","Nykos51",1,0,1,20,14,656
"2459","Odiug2015",1,0,1,8,4,3
"2460","OdyX",1,0,1,7,4,12
"2461","ofotlph",1,0,1,79,9,88
"2462","oiseauroch",1,0,1,8,0,8
"2463","olive55",1,0,1,63633,172,2092
"2464","olivier dupuy",1,0,1,2,1,2
"2465","Open Arnaud",1,0,1,1,0,0
"2466","Orever",1,0,1,8,0,2
"2467","Ori952",1,0,1,9,3,27
"2468","Orson",1,0,1,2,0,6
"2469","OSMArnaudL",1,0,1,3,0,0
"2470","OTSeignanx",1,0,1,12,0,7
"2471","oueslati",1,0,1,2,0,0
"2472","P_ev",1,0,1,234,28,182
"2473","P130",1,0,1,333,142,1777
"2474","paness",1,0,1,5,0,17
"2475","Pantagruelon",1,0,1,1,0,0
"2476","Papandayan",1,0,1,7,0,16
"2477","papaoscar",1,0,1,78,6,387
"2478","Papyal",1,0,1,7,0,8
"2479","parukhin",1,0,1,289,2,126
"2480","parville",1,0,1,328,173,218
"2481","Pascal-34",1,0,1,3,0,2
"2482","patman37",1,0,1,595,122,56
"2483","Patrick Ribet",1,0,1,1,0,0
"2484","PatrickFR",1,0,1,231,24,68
"2485","Paulo95280",1,0,1,1,0,0
"2486","Pays de Redon - Bretagne Sud",1,0,1,502,0,591
"2487","Pedro Nunes-Grignon",1,0,1,1,0,11
"2488","PEN BUTTY",1,0,1,2,0,0
"2489","Perceval LArdechois",1,0,1,1,0,0
"2490","perroquet27",1,0,1,2,0,0
"2491","Peter Lerner",1,0,1,280,39,232
"2492","Petrakis",1,0,1,1,0,0
"2493","petrovsk_import",1,0,1,11,0,15027
"2494","petrus-maria",1,0,1,6,0,31
"2495","Peyron13",1,0,1,9,0,20
"2496","pgiraud",1,0,1,312,7,11133
"2497","PHBeaulieu",1,0,1,11,2,1
"2498","Phil-1965",1,0,1,68,4,608
"2499","Philippe - Var",1,0,1,14,0,0
"2500","philippe38",1,0,1,4,0,5
"2501","Philippe9517",1,0,1,504,492,104
"2502","Pierre A",1,0,1,10,0,5
"2503","pierremode83",1,0,1,28,0,23
"2504","pilou-K75VJ",1,0,1,37,0,9
"2505","pinkfox",1,0,1,10,0,0
"2506","PinpinImportCadastre",1,0,1,1820,137,149695
"2507","pipolab",1,0,1,30,2,42
"2508","PlaneMad",1,0,1,85,1,9
"2509","planpc",1,0,1,2,2,205
"2510","plonk",1,0,1,204,31,2546
"2511","pm39",1,0,1,1,0,0
"2512","PNRCQ",1,0,1,4,0,6
"2513","Poirelpa",1,0,1,126,1,33
"2514","Popup-ch",1,0,1,11,0,5
"2515","Poulfanc",1,0,1,104,64,58
"2516","Princeps",1,0,1,1,1,2
"2517","ptolemee",1,0,1,1,0,0
"2518","qerv",1,0,1,53,90,110
"2519","QuentinDup",1,0,1,16,0,1
"2520","Rachid Riad",1,0,1,1,0,13
"2521","rainerU",1,0,1,9260,680,32296
"2522","raphounet",1,0,1,12,18,35
"2523","rastapopoulos",1,0,1,1638,0,363
"2524","RB94",1,0,1,872,535,540
"2525","ReLuc",1,0,1,2003,26,22455
"2526","R√©mi Beauvais",1,0,1,8,1,1
"2527","Remi77290",1,0,1,651,165,78
"2528","replicator",1,0,1,22,0,245
"2529","Reuillois",1,0,1,82,20,282
"2530","Rhourhoo",1,0,1,14,0,3
"2531","rmoser",1,0,1,41,0,59
"2532","robertbarbier",1,0,1,731,77,241043
"2533","robeyy",1,0,1,1,1,2
"2534","RobOrROss",1,0,1,545,72,893
"2535","robx",1,0,1,4,1,9
"2536","Roland R",1,0,1,32,1,7
"2537","rom1dep",1,0,1,9,0,30
"2538","Romain Pier",1,0,1,15,22,31
"2539","Romain_happy",1,0,1,251,0,4
"2540","Ronan KERBIRIOU",1,0,1,28,0,1
"2541","RS78",1,0,1,81,27,59
"2542","ruph",1,0,1,198,12,116
"2543","sab1990",1,0,1,23,0,3
"2544","Sabira",1,0,1,6,0,0
"2545","Sam Gta",1,0,1,12,0,7
"2546","Sam_1977",1,0,1,78,0,147
"2547","samcoevoet",1,0,1,94,8,113
"2548","sampeachy",1,0,1,35,0,4
"2549","sandrine divorne",1,0,1,1,0,1
"2550","Sasori",1,0,1,21,0,17
"2551","satblu",1,0,1,12,1,22
"2552","Saxonyking",1,0,1,3,0,13
"2553","sbilly",1,0,1,3,0,1
"2554","sbruckfr",1,0,1,2,4,1
"2555","Schusch",1,0,1,31,31,14
"2556","seatsea",1,0,1,135,13,99
"2557","sebastienb",1,0,1,11,0,0
"2558","sebos31",1,0,1,1,0,2
"2559","Sefoun",1,0,1,1942,138,6325
"2560","Selinonte",1,0,1,5,0,6
"2561","SendItInSpace",1,0,1,4,0,2
"2562","Seraq",1,0,1,276,3,136
"2563","Shalg",1,0,1,241,14,54
"2564","Sheryne",1,0,1,10,0,0
"2565","SilverDeath",1,0,1,4,0,79
"2566","simon_geovelo",1,0,1,1539,1559,199
"2567","simplement Nat",1,0,1,5,0,1
"2568","SirHCephot",1,0,1,17,0,19
"2569","sisiyoyo",1,0,1,157,10,232
"2570","Solne",1,0,1,3,0,3
"2571","Sophabed",1,0,1,2,0,0
"2572","soso67",1,0,1,172,37,370
"2573","SPPJM",1,0,1,1,0,0
"2574","ssd!!!!!",1,0,1,3,0,0
"2575","StefanNoebel",1,0,1,53,3,79
"2576","Stella Kemg's",1,0,1,3,0,0
"2577","Stephane Colson",1,0,1,14,1,1
"2578","Stone3",1,0,1,1,0,3
"2579","stratcom",1,0,1,15,7,28
"2580","supertuxx",1,0,1,308,2,181
"2581","Suriya Velmurugan",1,0,1,11,0,1
"2582","sykAdap",1,0,1,3,1,1
"2583","sylvouille",1,0,1,401,11,997
"2584","Syvolc",1,0,1,6,5,185
"2585","t2425b",1,0,1,10,28,9
"2586","TAA",1,0,1,138,1,321
"2587","tako72olemps",1,0,1,54,0,27
"2588","tbe78",1,0,1,92,3,540
"2589","tbrotj",1,0,1,17,0,35
"2590","TCY",1,0,1,26,0,13
"2591","Teddy BEER",1,0,1,4,1,3
"2592","Teddy73",1,0,1,363,628,1237
"2593","temroh",1,0,1,8,0,0
"2594","TheCartoPirate",1,0,1,40,2,5
"2595","TheFive",1,0,1,1,0,10
"2596","TheMCAlex",1,0,1,43,26,243
"2597","thibault74",1,0,1,179,6,1450
"2598","Thierry Gouy√©",1,0,1,1,0,0
"2599","Thomas666",1,0,1,6240,264,828
"2600","tippfeler",1,0,1,7,0,14
"2601","tmeller",1,0,1,13,0,1
"2602","toeklk",1,0,1,28,1,30
"2603","Tomdesbois",1,0,1,83,2,808
"2604","Tommy Cmoi",1,0,1,51,48,178
"2605","Tontongogol",1,0,1,142,0,38
"2606","TonyDuke",1,0,1,1,4,7
"2607","Torcol89",1,0,1,2,0,2
"2608","tourcyc",1,0,1,22,2,3
"2609","Tous Agiles",1,0,1,20,0,136
"2610","uboot",1,0,1,285,9,3230
"2611","UnContributeurOSM",1,0,1,12,0,21
"2612","user_2072082",1,0,1,9,0,525
"2613","user_2481324",1,0,1,1,0,1
"2614","Van Heddegem Roeland",1,0,1,47,8,90
"2615","venerdi",1,0,1,2859,97,47
"2616","vherbreteau",1,0,1,16,0,6
"2617","Viguro",1,0,1,70,45,13
"2618","VilleDeMontpellier",1,0,1,103,0,132
"2619","vincent michaud",1,0,1,35,0,746
"2620","Vincent NEILZ",1,0,1,9,0,2
"2621","Vincent Tiefenbach",1,0,1,17,0,21
"2622","VitalieS",1,0,1,145,0,80
"2623","vnt",1,0,1,3,0,0
"2624","Voitl-Fan",1,0,1,52,1,15
"2625","Voonosm",1,0,1,3,4,10
"2626","voschix",1,0,1,70,57,21
"2627","wambe",1,0,1,15,0,4
"2628","wandsecacher",1,0,1,17,0,34
"2629","WanMil",1,0,1,25,159,674
"2630","Wareita",1,0,1,28,6,121
"2631","webmind",1,0,1,110,3,44
"2632","Widokristus",1,0,1,11,0,0
"2633","widugesay",1,0,1,13,1,7
"2634","WKOSM",1,0,1,8,6,51
"2635","WOlivier",1,0,1,449,0,8
"2636","wuff57",1,0,1,124,3077,10130
"2637","Xavier LECOMTE",1,0,1,1,0,0
"2638","Xavier02",1,0,1,5,1,7
"2639","xDSF-DFSx",1,0,1,257,399,111
"2640","xelap",1,0,1,26,3,43
"2641","xmerour",1,0,1,2,0,13
"2642","xtianetkti",1,0,1,3114,639,17444
"2643","Yaron",1,0,1,88,2,62
"2644","Yassin30",1,0,1,1,0,1
"2645","Yautran",1,0,1,6267,221,47063
"2646","Ymaq",1,0,1,1,0,11
"2647","yopaseopor",1,0,1,482,51,463
"2648","Yr√©mi",1,0,1,180,1,86
"2649","Ysser",1,0,1,52,0,104
"2650","Zaany",1,0,1,388,72,12823
"2651","Zecke",1,0,1,112,16,64
"2652","Zekrow",1,0,1,38,1,14
"2653","ziopod",1,0,1,1,0,6
"2654","zorglub113",1,0,1,11,0,5
"2655","Zurp",1,0,1,78,4,153
"2656","ZZ29_import",1,0,1,151,1,13942
"2657","zzmaxfr",1,0,1,107,2,22833
